职位, 工资, 经验要求, 职位一级分类, 职位二级分类, 公司名称, 城市, 学历, 公司规模, 公司阶段, 公司业务领域
用户运营, 7, 1, 运营, 运营, 诚信贷, 北京, 大专, 15, 初创型, 移动互联网 · 金融
用户运营, 4, 1, 运营, 运营, 挖豆app, 厦门, 学历不限, 15, 成长型, 移动互联网
用户运营, 16, 3, 运营, 运营, 房多多, 深圳, 本科, 2000, 成熟型, 移动互联网 · O2O
用户运营, 6, 1, 运营, 运营, 创新谷, 深圳, 本科, 150, 初创型, 移动互联网
用户运营, 6, 1, 运营, 运营, 聚居网, 长沙, 大专, 15, 成长型, 移动互联网 · 硬件
用户运营, 7, 1, 运营, 运营, 好实再商贸（深圳）有限公司, 深圳, 大专, 150, 成长型, 电子商务 · O2O
用户运营, 10, 1, 运营, 运营, 小肚皮App, 北京, 学历不限, 15, 成长型, 移动互联网
用户运营, 6, 1, 运营, 运营, 搜道网, 杭州, 大专, 50, 成长型, 电子商务 · 社交网络
用户运营, 15, 3, 运营, 运营, 慧择网, 深圳, 大专, 500, 成长型, 移动互联网  · 电子商务
用户运营, 7, 1, 运营, 运营, 大搜车, 杭州, 本科, 500, 成熟型, 移动互联网 · O2O
用户运营, 9, 1, 运营, 运营, 泛微, 上海, 本科, 500, 成熟型, 移动互联网 · 企业服务
用户运营, 4, 不, 运营, 运营, 思可达, 苏州, 学历不限, 50, 成长型, 移动互联网 · 金融
用户运营, 5, 1, 运营, 运营, 杏树林, 北京, 本科, 150, 成长型, 移动互联网 · 医疗健康
用户运营, 4, 1, 运营, 运营, 圣仁康, 成都, 本科, 15, 初创型, 移动互联网 · 医疗健康
用户运营, 7, 1, 运营, 运营, 快课网, 上海, 本科, 15, 初创型, 移动互联网 · 教育
用户运营, 10, 1, 运营, 运营, Hortor Games, 北京, 学历不限, 15, 成长型, 移动互联网 · 游戏
用户运营, 9, 3, 运营, 运营, 易直供, 南京, 大专, 150, 成长型, 移动互联网 · 电子商务
用户运营, 5, 3, 运营, 运营, 美妆心得, 杭州, 大专, 50, 成长型, 移动互联网
用户运营, 3, 1, 运营, 运营, e袋洗, 武汉, 大专, 500, 成长型, O2O
用户运营, 4, 1, 运营, 运营, 叁疯, 厦门, 学历不限, 15, 初创型, 移动互联网 · 电子商务
用户运营, 12, 1, 运营, 运营, 乐心微动, 广州, 大专, 500, 成熟型, 移动互联网 · 硬件
用户运营, 5, 1, 运营, 运营, 兔狗科技, 杭州, 大专, 500, 成长型, 电子商务
用户运营, 6, 1, 运营, 运营, 青团社, 杭州, 学历不限, 50, 成长型, 移动互联网 · 招聘
用户运营, 10, 3, 运营, 运营, 会聚网, 广州, 大专, 50, 初创型, 移动互联网
用户运营, 9, 不, 运营, 运营, 深圳市珠宝狮文化科技有限公司, 深圳, 大专, 15, 成长型, 分类信息 · 其他
用户运营, 8, 1, 运营, 运营, 海汇众筹, 广州, 本科, 15, 初创型, 移动互联网 · 金融
用户运营, 4, 不, 运营, 运营, 医米信息技术, 深圳, 学历不限, 50, 成长型, 移动互联网
用户运营, 8, 1, 运营, 运营, 春雨医生, 北京, 本科, 150, 成熟型, 移动互联网
用户运营, 4, 应届毕业, 运营, 运营, 仁爱, 北京, 大专, 150, 初创型, 移动互联网 · 医疗健康
用户运营, 12, 1, 运营, 运营, 周百通科技, 广州, 本科, 15, 成长型, 移动互联网 · O2O
用户运营, 7, 1, 运营, 运营, 酷麦, 广州, 本科, 15, 初创型, 移动互联网
用户运营, 11, 1, 运营, 运营, 棉花糖, 深圳, 本科, 50, 初创型, O2O · 金融
用户运营/网络推广, 3, 不, 运营, 运营, 社交微铺, 北京, 大专, 15, 初创型, 电子商务 · 其他
用户运营, 9, 1, 运营, 运营, 美妮萱, 杭州, 本科, 50, 初创型, 电子商务
用户运营, 7, 不, 运营, 运营, 4399游戏, 广州, 本科, 2000, 初创型, 游戏
用户运营（英语）, 7, 不, 运营, 运营, GET, 上海, 本科, 50, 成长型, 移动互联网 · O2O
用户运营, 7, 3, 运营, 运营, 畅捷通, 北京, 本科, 500, 上市公, 移动互联网 · 企业服务
用户运营, 4, 不, 运营, 客服, 珈诚文化, 成都, 学历不限, 15, 初创型, 移动互联网 · 广告营销
用户运营, 15, 1, 运营, 运营, 米庄理财, 杭州, 大专, 50, 成长型, 金融
用户运营, 12, 1, 运营, 运营, 金工场, 深圳, 本科, 15, 初创型, 移动互联网 · 电子商务
用户运营, 5, 1, 运营, 运营, 微之家, 厦门, 本科, 15, 初创型, 移动互联网 · 教育
用户运营, 15, 3, 运营, 运营, 百联全渠道电商, 上海, 大专, 500, 成熟型, 电子商务 · O2O
用户运营, 11, 1, 运营, 运营, 东家, 杭州, 学历不限, 50, 成长型, 移动互联网
用户运营, 5, 1, 运营, 运营, CATCH, 杭州, 本科, 15, 成长型, 移动互联网
用户运营, 6, 1, 运营, 运营, 有测网, 南京, 大专, 15, 初创型, 电子商务 · 企业服务
用户运营, 8, 1, 运营, 运营, 海汇铭康, 广州, 本科, 15, 初创型, 移动互联网 · 医疗健康
用户运营, 11, 1, 运营, 运营, Testin云测, 北京, 学历不限, 150, 成长型, 移动互联网
用户运营, 4, 1, 运营, 运营, EASIN亦旅义行, 广州, 大专, 15, 初创型, 教育 · 旅游
用户运营, 11, 1, 运营, 运营, 京东金融, 北京, 本科, 2000, 上市公, 金融
用户运营, 2, 不, 运营, 运营, 新浪微博, 北京, 本科, 2000, 上市公, 移动互联网 · 社交网络
用户运营, 4, 1, 运营, 运营, 榴莲旅游, 厦门, 学历不限, 15, 初创型, 移动互联网 · 旅游
用户运营, 7, 不, 运营, 运营, 小宝家, 北京, 学历不限, 15, 初创型, 移动互联网 · 教育
用户运营, 7, 不, 运营, 运营, GET, 北京, 本科, 50, 成长型, 移动互联网 · O2O
用户运营, 4, 不, 运营, 运营, 天脉, 天津, 大专, 500, 成熟型, 数据服务
用户运营, 6, 不, 运营, 运营, 作业盒子, 北京, 本科, 50, 成长型, 移动互联网 · 教育
用户运营, 15, 3, 运营, 运营, 汽车之家, 北京, 本科, 2000, 上市公, 移动互联网 · 文化娱乐
用户运营, 7, 1, 运营, 运营, 咕噜科技, 杭州, 大专, 15, 初创型, O2O
用户运营, 2, 应届毕业, 运营, 运营, 丸子地球, 杭州, 本科, 15, 成长型, 旅游
用户运营, 11, 1, 运营, 运营, 小鸟看看, 北京, 本科, 150, 成长型, 硬件 · 其他
用户运营, 17, 3, 运营, 运营, 中传脉谱, 北京, 本科, 500, 成长型, 移动互联网 · O2O
用户运营, 4, 1, 运营, 运营, 颂拓科技, 南京, 学历不限, 15, 成长型, 移动互联网
用户运营, 11, 3, 运营, 运营, 易直供, 南京, 大专, 150, 成长型, 移动互联网 · 电子商务
用户运营, 6, 1, 运营, 运营, 武汉达此网络科技有限公司, 武汉, 本科, 150, 成长型, 移动互联网 · O2O
用户运营, 4, 1, 运营, 运营, 奢易购, 南昌, 大专, 15, 初创型, 移动互联网 · 电子商务
用户运营, 7, 1, 运营, 运营, 有测网, 南京, 大专, 15, 初创型, 电子商务 · 企业服务
用户运营, 6, 1, 运营, 运营, 唐牛网络, 长沙, 本科, 50, 初创型, 移动互联网 · 企业服务
用户运营, 9, 3, 运营, 运营, 车位管家, 福州, 大专, 50, 成长型, 移动互联网 · O2O
用户运营, 1, 不, 运营, 运营, 银弹科技, 武汉, 大专, 15, 初创型, 移动互联网 · O2O
用户运营, 6, 不, 运营, 运营, 丁丁租房, 南京, 大专, 500, 成熟型, O2O · 其他
用户运营, 7, 1, 运营, 运营, 优分期, 北京, 大专, 500, 成长型, 电子商务 · 金融
用户运营, 11, 3, 运营, 运营, 极光推送, 深圳, 本科, 50, 成长型, 移动互联网 · 金融
用户运营, 4, 1, 运营, 运营, 我趣科技, 成都, 大专, 50, 成长型, 移动互联网  · O2O
用户运营, 11, 3, 运营, 运营, 正邦创意, 北京, 本科, 500, 成熟型, 移动互联网 · 广告营销
用户运营, 9, 1, 运营, 运营, 卡车51, 杭州, 大专, 50, 初创型, 移动互联网
用户运营, 11, 1, 运营, 运营, 易淘软件, 长沙, 大专, 15, 初创型, 电子商务 · 数据服务
用户运营, 6, 1, 运营, 运营, 家分期, 厦门, 大专, 50, 初创型, 移动互联网 · O2O
用户运营, 8, 1, 运营, 运营, 近邻宝, 北京, 大专, 150, 成长型, 移动互联网 · 电子商务
用户运营, 6, 1, 运营, 运营, 东方网升, 杭州, 大专, 150, 初创型, 企业服务 · 招聘
用户运营, 5, 1, 运营, 运营, 爱度周末, 杭州, 本科, 150, 成长型, 移动互联网 · 旅游
用户运营, 15, 1, 运营, 运营, 碧桂园集团, 佛山, 本科, 2000, 上市公, O2O · 其他
用户运营（兼职）, 2, 不, 运营, 运营, 人言, 杭州, 学历不限, 15, 初创型, 移动互联网 · 社交网络
用户运营, 2, 不, 运营, 运营, 丫空间, 上海, 学历不限, 15, 初创型, O2O · 文化娱乐
用户运营, 5, 1, 运营, 运营, 球圈, 广州, 本科, 15, 初创型, 移动互联网 · 文化娱乐
用户运营, 7, 1, 运营, 运营, 青春科技, 南京, 大专, 50, 初创型, 移动互联网
用户运营, 5, 3, 运营, 运营, 上海商派, 杭州, 学历不限, 500, 成熟型, 移动互联网 · 电子商务
用户运营, 7, 不, 市场与销售, 市场/营销, 鹏晟网络科技, 深圳, 学历不限, 15, 初创型, 移动互联网 · 生活服务
用户运营, 2, 不, 运营, 运营, 作业盒子, 北京, 本科, 50, 成长型, 移动互联网 · 教育
用户运营, 9, 不, 运营, 运营, AMILY美荔, 北京, 学历不限, 15, 初创型, 移动互联网 · O2O
用户运营, 5, 3, 运营, 运营, 兴趣袋, 运城, 大专, 15, 初创型, 电子商务 · 教育
用户运营, 9, 1, 运营, 运营, 广州金呗塔, 广州, 学历不限, 15, 初创型, 移动互联网 · 金融
用户运营, 5, 应届毕业, 运营, 运营, 58赶集集团, 北京, 本科, 2000, 上市公, 移动互联网
用户运营, 6, 1年以, 运营, 运营, 立纳网络, 上海, 本科, 50, 成长型, 移动互联网
用户运营, 4, 3, 运营, 运营, 众易配, 长沙, 本科, 15, 初创型, 移动互联网 · 电子商务
用户运营/互动运营, 5, 1, 运营, 运营, 太平洋网络科技有限公司, 广州, 本科, 500, 上市公, 电子商务 · 生活服务
用户运营, 7, 1, 运营, 运营, 秀呗网络, 上海, 本科, 15, 初创型, 移动互联网 · 企业服务
用户运营, 4, 1, 运营, 运营, 小数科技, 沈阳, 大专, 15, 初创型, 移动互联网 · O2O
用户运营, 6, 1, 运营, 运营, 青春科技, 南京, 大专, 50, 初创型, 移动互联网
用户运营, 7, 1, 运营, 运营, 健康微能量, 北京, 本科, 50, 成长型, 移动互联网 · 医疗健康
用户运营, 15, 3, 运营, 运营, 掌众金融, 北京, 本科, 150, 成长型, 移动互联网 · 金融
用户运营, 4, 1, 运营, 运营, 湖南天智, 长沙, 本科, 50, 成长型, 移动互联网
用户运营, 14, 3, 运营, 运营, 车艺师, 广州, 本科, 15, 初创型, O2O
用户运营, 4, 1, 运营, 运营, 约跑科技, 成都, 大专, 50, 初创型, 移动互联网
用户运营, 7, 1, 运营, 运营, in, 杭州, 大专, 50, 成长型, 电子商务 · 广告营销
用户运营, 8, 1, 运营, 运营, 小狗在家, 上海, 大专, 15, 成长型, 移动互联网 · O2O
用户运营, 4, 不, 运营, 运营, 泡泡茶, 郑州, 大专, 15, 初创型, 电子商务 · 文化娱乐
用户运营, 9, 3, 运营, 运营, 趣住啊, 上海, 本科, 15, 初创型, 移动互联网 · 旅游
用户运营, 9, 1, 运营, 运营, 优分期, 北京, 大专, 500, 成长型, 电子商务 · 金融
用户运营, 10, 3, 运营, 运营, 虫二公舍, 北京, 本科, 15, 初创型, 移动互联网
用户运营, 4, 1, 运营, 运营, 熙浪信息, 杭州, 学历不限, 150, 上市公, 电子商务
用户运营, 5, 1, 运营, 运营, 好运顺, 北京, 本科, 50, 成长型, 企业服务
用户运营, 5, 1, 运营, 运营, 婚礼时光, 杭州, 本科, 15, 初创型, O2O · 社交网络
用户运营, 6, 1, 运营, 运营, 声屏汇, 中山, 学历不限, 50, 成长型, 移动互联网
用户运营, 6, 1, 运营, 运营, 闪修侠, 杭州, 本科, 50, 成长型, 电子商务 · O2O
用户运营, 6, 3, 运营, 运营, 豆芽金服, 上海, 本科, 15, 初创型, 移动互联网 · 金融
用户运营, 8, 1, 运营, 运营, 相约, 上海, 本科, 50, 成长型, 移动互联网 · 生活服务
用户运营, 22, 1, 运营, 运营, 久诺金融, 北京, 大专, 50, 成长型, 广告营销
用户运营, 4, 不, 运营, 运营, 美绚, 广州, 大专, 15, 初创型, 移动互联网 · 医疗健康
用户运营, 6, 1, 运营, 运营, 云聚互动, 成都, 大专, 15, 成长型, 移动互联网 · 广告营销
用户运营, 4, 不, 运营, 运营, 考拉社区, 苏州, 学历不限, 150, 初创型, 移动互联网
用户运营, 7, 3, 运营, 运营, 枫车, 广州, 大专, 150, 成长型, 电子商务 · O2O
用户运营, 6, 1, 运营, 运营, 优分期, 北京, 本科, 500, 成长型, 电子商务 · 金融
用户运营, 6, 1, 运营, 运营, 易车险, 北京, 大专, 15, 初创型, 企业服务
用户运营, 7, 1, 运营, 运营, 悠先点菜, 杭州, 大专, 150, 成长型, 移动互联网
用户运营, 4, 不, 运营, 运营, 夜夜, 广州, 大专, 15, 初创型, 移动互联网 · 文化娱乐
用户运营, 7, 1, 运营, 运营, 紫美网络, 上海, 本科, 15, 初创型, 移动互联网 · 社交网络
用户运营（北京）, 6, 1, 运营, 运营, CATCH, 北京, 本科, 15, 成长型, 移动互联网
用户运营, 4, 1, 运营, 运营, 鹭会, 厦门, 学历不限, 15, 初创型, O2O · 医疗健康
用户运营, 4, 不, 运营, 运营, 十点, 厦门, 本科, 15, 初创型, 文化娱乐
用户运营, 5, 不, 运营, 运营, 尖尖医疗, 北京, 学历不限, 50, 初创型, 移动互联网 · 医疗健康
用户运营, 6, 1, 运营, 运营, 同尘世纪, 北京, 本科, 15, 初创型, 移动互联网
用户运营, 4, 不, 运营, 运营, 小灵猫, 苏州, 学历不限, 50, 成长型, 移动互联网 · O2O
用户运营, 5, 不, 运营, 运营, 亿动, 厦门, 大专, 15, 初创型, 移动互联网
用户运营, 4, 不, 运营, 运营, 每日科技, 珠海, 大专, 15, 初创型, 移动互联网 · 电子商务
用户运营, 6, 不, 运营, 运营, 杭州途购, 杭州, 大专, 15, 成长型, 移动互联网 · 电子商务
用户运营, 16, 3, 运营, 运营, 易跃移动, 上海, 本科, 150, 成长型, 移动互联网 · 游戏
用户运营, 8, 不, 运营, 运营, 西柚, 北京, 本科, 50, 成长型, 移动互联网 · 教育
用户运营, 8, 1, 运营, 运营, 美宝, 北京, 学历不限, 15, 初创型, 移动互联网 · 电子商务
用户运营, 5, 1, 运营, 运营, 会小二网, 北京, 大专, 50, 成长型, 移动互联网 · O2O
用户运营, 7, 不, 运营, 运营, 匠物|ArtiWares, 杭州, 本科, 15, 初创型, 移动互联网 · O2O
用户运营, 5, 1, 运营, 运营, 问酷, 杭州, 大专, 50, 初创型, 移动互联网 · 教育
用户运营, 5, 不, 运营, 运营, 西瓜头, 北京, 大专, 50, 成长型, O2O
用户运营, 9, 1, 市场与销售, 市场/营销, 味库, 北京, 本科, 50, 成长型, 生活服务
用户运营, 8, 1, 运营, 运营, 新浪微博, 北京, 本科, 2000, 上市公, 移动互联网 · 社交网络
用户运营, 17, 1, 运营, 运营, 掌众金融, 北京, 本科, 150, 成长型, 移动互联网 · 金融
用户运营, 6, 不, 运营, 运营, 新言教育, 杭州, 大专, 15, 初创型, 移动互联网 · 教育
用户运营, 3, 不, 运营, 运营, 匠物|ArtiWares, 杭州, 本科, 15, 初创型, 移动互联网 · O2O
用户运营, 3, 不, 运营, 运营, 率特教育, 北京, 学历不限, 15, 初创型, 教育 · 旅游
用户运营, 7, 1, 运营, 运营, 优分期, 北京, 本科, 500, 成长型, 电子商务 · 金融
用户运营, 6, 不, 运营, 运营, 取暖, 广州, 学历不限, 15, 初创型, 移动互联网 · O2O
用户运营, 7, 1, 运营, 运营, 妈蜜, 杭州, 大专, 15, 初创型, 移动互联网
用户运营, 3, 应届毕业, 运营, 运营, 北京加双筷子科技有限公司, 北京, 本科, 150, 成长型, 移动互联网 · O2O
用户运营, 4, 不, 运营, 运营, 零到壹, 杭州, 大专, 15, 成长型, 移动互联网 · 电子商务
用户运营, 7, 不, 运营, 运营, 720健康管家, 北京, 学历不限, 15, 初创型, 移动互联网 · 医疗健康
用户运营, 7, 3, 运营, 运营, 财萃网, 北京, 本科, 50, 成长型, O2O · 教育
用户运营, 11, 不, 运营, 运营, 美容街, 上海, 本科, 150, 成长型, 移动互联网 · 电子商务
用户运营, 8, 1, 运营, 运营, 华熙生物, 北京, 本科, 500, 上市公, 医疗健康
用户运营, 4, 1, 运营, 运营, e袋洗, 南京, 大专, 500, 成长型, O2O
用户运营, 5, 1, 运营, 运营, 柚子舍, 广州, 大专, 150, 成长型, 电子商务
用户运营（专员）, 7, 1, 运营, 运营, 优分期, 北京, 大专, 500, 成长型, 电子商务 · 金融
用户运营, 8, 1, 运营, 运营, 要出发, 广州, 本科, 500, 成熟型, 电子商务 · 生活服务
用户运营, 7, 不, 运营, 运营, 趣播（视频直播社交）, 北京, 本科, 15, 成长型, 移动互联网 · 社交网络
用户运营, 5, 1, 运营, 运营, 武汉亿房网, 武汉, 大专, 150, 上市公, 移动互联网
用户运营, 12, 3, 运营, 运营, 全利网, 北京, 大专, 15, 初创型, 移动互联网 · 金融
用户运营, 6, 3, 运营, 运营, 神灯财富, 武汉, 大专, 500, 成熟型, 移动互联网 · 金融
用户运营, 6, 1, 运营, 运营, 武汉亿房网, 武汉, 大专, 150, 上市公, 移动互联网
用户运营, 14, 3, 运营, 运营, 易跃移动, 上海, 本科, 150, 成长型, 移动互联网 · 游戏
用户运营, 11, 1, 运营, 运营, NEW, 上海, 本科, 15, 初创型, 移动互联网 · 社交网络
用户运营, 4, 不, 运营, 运营, 武汉路尚, 武汉, 本科, 15, 初创型, 移动互联网
用户运营, 10, 1, 运营, 运营, 贵学教育, 北京, 本科, 150, 成长型, 移动互联网 · 教育
用户运营, 6, 1, 运营, 运营, 蚂蚁天使, 上海, 本科, 15, 初创型, 金融
用户运营, 5, 1, 运营, 运营, 漱玉平民, 济南, 大专, 2000, 成熟型, 电子商务 · O2O
用户运营, 4, 1, 运营, 运营, 本真网络, 广州, 学历不限, 50, 初创型, 移动互联网 · 电子商务
用户运营, 7, 1, 运营, 运营, 谱思, 北京, 本科, 15, 初创型, 移动互联网 · 社交网络
用户运营, 7, 1, 运营, 运营, 博威奇, 北京, 大专, 15, 初创型, 移动互联网
用户运营, 7, 1, 运营, 运营, 崔玉涛儿童健康管理中心, 北京, 大专, 15, 成长型, 移动互联网 · 生活服务
用户运营, 1, 不, 运营, 运营, 大华股份, 杭州, 本科, 2000, 上市公, 信息安全
用户运营（新媒体媒介方向）, 7, 1年以, 运营, 运营, 爱微帮, 北京, 大专, 15, 初创型, 广告营销
用户运营, 6, 1, 运营, 运营, 坦坦旅行, 北京, 本科, 15, 初创型, 旅游 · 生活服务
用户运营, 6, 1, 运营, 运营, 荷仙菇生物科技, 北京, 学历不限, 15, 初创型, 医疗健康
用户运营, 4, 不, 运营, 运营, UU客, 北京, 大专, 15, 成长型, 移动互联网 · 旅游
用户运营, 8, 1, 运营, 运营, 相约, 上海, 本科, 50, 成长型, 移动互联网 · 生活服务
用户运营, 6, 1, 运营, 运营, 云费控, 上海, 学历不限, 15, 成长型, 移动互联网 · 企业服务
用户运营, 6, 1, 运营, 运营, 马邦车宝, 广州, 大专, 50, 成长型, 移动互联网
用户运营【专员】, 9, 1, 运营, 运营, 优分期, 北京, 本科, 500, 成长型, 电子商务 · 金融
用户运营, 6, 1, 运营, 运营, 花果金融, 北京, 大专, 50, 成长型, 金融
用户运营, 4, 1, 运营, 运营, 河马村, 杭州, 学历不限, 15, 初创型, 移动互联网 · 教育
用户运营（赴杭州新浪微博）, 5, 1年以, 运营, 运营, 微创, 上海, 大专, 2000, 初创型, 移动互联网 · 数据服务
用户运营, 4, 不, 运营, 运营, 医汇, 北京, 大专, 15, 成长型, 电子商务 · 医疗健康
用户运营, 5, 1, 运营, 运营, 短趣网, 杭州, 大专, 50, 成长型, 移动互联网 · 社交网络
用户运营, 4, 不, 运营, 运营, 广联先锋, 北京, 大专, 500, 初创型, 企业服务 · 数据服务
用户运营, 7, 1, 运营, 运营, 涌金门, 杭州, 学历不限, 15, 初创型, 移动互联网 · 金融
用户运营, 8, 1, 运营, 运营, 网易公司, 广州, 本科, 2000, 上市公, 移动互联网 · 文化娱乐
用户运营, 12, 3, 运营, 运营, 点智互动, 北京, 学历不限, 150, 初创型, 移动互联网
用户运营, 4, 不, 运营, 运营, 博朗科技, 广州, 学历不限, 15, 初创型, O2O · 生活服务
用户运营, 9, 1, 运营, 运营, 谈成, 北京, 大专, 15, 初创型, 移动互联网 · 文化娱乐
用户运营, 7, 不, 运营, 运营, 思享空间, 北京, 学历不限, 15, 初创型, 移动互联网 · 教育
用户运营, 4, 1, 运营, 运营, 一手科技, 北京, 学历不限, 15, 成长型, 移动互联网
用户运营, 6, 1, 运营, 运营, 水木云风, 北京, 本科, 15, 初创型, 移动互联网
用户运营, 6, 1, 运营, 运营, 蛋篮科技, 成都, 大专, 15, 初创型, 移动互联网 · 金融
用户运营, 10, 1, 运营, 运营, CBD迷你仓, 北京, 本科, 15, 成长型, 移动互联网
用户运营, 6, 1, 运营, 运营, 新言教育, 杭州, 大专, 15, 初创型, 移动互联网 · 教育
用户运营, 3, 不, 运营, 运营, 实现, 北京, 本科, 15, 初创型, 移动互联网 · 社交网络
用户运营, 6, 1, 运营, 运营, 证大向上, 北京, 本科, 150, 成长型, 移动互联网 · 金融
用户运营, 3, 不, 运营, 运营, 我爱教师网, 北京, 本科, 15, 初创型, 教育
用户运营, 15, 3, 运营, 运营, 一起作业网, 北京, 本科, 150, 成熟型, 移动互联网 · 教育
用户运营, 9, 1, 运营, 运营, 启动网, 北京, 学历不限, 15, 初创型, 移动互联网 · 文化娱乐
用户运营, 4, 不, 运营, 运营, 网聚宝, 上海, 大专, 50, 成长型, 电子商务 · 数据服务
用户运营, 10, 1, 运营, 运营, U掌柜, 上海, 大专, 50, 成长型, 移动互联网 · O2O
用户运营, 7, 1, 运营, 运营, 蓝麦电商, 杭州, 大专, 50, 上市公, 移动互联网 · 电子商务
用户运营, 6, 1, 运营, 运营, 哈皮虎, 上海, 本科, 15, 初创型, 移动互联网 · 教育
用户运营, 8, 1, 运营, 运营, 贝都因传媒, 北京, 学历不限, 150, 成长型, 文化娱乐
用户运营, 5, 1, 运营, 运营, 不凡布道, 成都, 本科, 15, 成长型, 移动互联网 · 教育
用户运营, 6, 1, 运营, 运营, 联创优内, 青岛, 大专, 15, 初创型, 移动互联网
用户运营, 5, 1, 运营, 运营, 9贝壳, 上海, 大专, 50, 成长型, O2O · 生活服务
用户运营, 9, 1, 运营, 运营, 摩宝, 北京, 本科, 15, 初创型, 移动互联网 · O2O
用户运营, 5, 1, 运营, 运营, tophot, 上海, 本科, 15, 成长型, 移动互联网 · 社交网络
用户运营, 7, 应届毕业, 运营, 运营, 最前台科技, 北京, 学历不限, 15, 初创型, 移动互联网 · 文化娱乐
用户运营, 5, 1, 运营, 运营, 传客是一款选择性轻社交软件, 上海, 本科, 15, 初创型, 移动互联网
用户运营, 7, 1, 运营, 运营, 宜人贷, 北京, 本科, 500, 成熟型, 移动互联网 · 金融
用户运营, 10, 不, 运营, 运营, 品途网, 广州, 学历不限, 15, 成长型, O2O · 移动互联网
用户运营, 3, 不, 运营, 运营, 艺空联盟, 西安, 本科, 15, 初创型, O2O · 其他
用户运营, 6, 1, 运营, 运营, 爆品商城, 北京, 本科, 15, 初创型, 移动互联网 · 电子商务
用户运营, 6, 1, 运营, 运营, 掌酷软件, 深圳, 学历不限, 50, 成长型, 移动互联网
用户运营, 6, 1, 运营, 运营, 蓝色时代, 北京, 大专, 15, 初创型, 广告营销
用户运营, 8, 1, 运营, 运营, 悠季科技, 北京, 大专, 50, 初创型, 移动互联网  · 医疗健康
用户运营, 11, 1, 运营, 运营, 72变, 北京, 本科, 15, 成长型, 硬件
用户运营, 5, 1, 运营, 运营, GOLA科技, 北京, 本科, 15, 初创型, 移动互联网 · 社交网络
用户运营, 5, 1, 运营, 运营, YeahMobi, 上海, 本科, 50, 成长型, 移动互联网 · 广告营销
用户运营, 6, 1, 运营, 运营, 全民之星, 北京, 学历不限, 15, 初创型, 移动互联网 · 文化娱乐
用户运营, 5, 不, 运营, 运营, 斗图神器, 北京, 本科, 15, 成长型, 移动互联网 · 社交网络
用户运营, 6, 不, 运营, 运营, 贝贝网, 杭州, 本科, 500, 成熟型, 电子商务
用户运营, 5, 不, 运营, 运营, 中农问, 北京, 本科, 15, 初创型, 移动互联网 · 社交网络
用户运营, 5, 1, 运营, 运营, 智课网, 北京, 本科, 50, 成长型, 移动互联网 · 教育
用户运营（目的地特色挖掘方向）, 9, 3, 市场与销售, 市场/营销, 住百家, 北京, 本科, 150, 成熟型, O2O · 旅游
用户运营（应届生）, 3, 应届毕业, 运营, 运营, 易车险, 北京, 大专, 15, 初创型, 企业服务
用户运营, 4, 1, 运营, 运营, 中产部落, 青岛, 本科, 15, 初创型, 生活服务 · 广告营销
用户运营, 9, 1, 运营, 运营, 万眼科技, 上海, 本科, 15, 初创型, 移动互联网 · 电子商务
用户运营, 15, 1, 运营, 运营, 美味不用等, 上海, 大专, 500, 成熟型, 移动互联网 · O2O
用户运营, 5, 1年以, 运营, 运营, 绿茶网, 北京, 本科, 50, 成长型, 电子商务 · O2O
用户运营, 9, 1, 运营, 运营, 医瘤助手, 南京, 学历不限, 50, 成长型, 移动互联网 · 医疗健康
用户运营, 1, 不, 运营, 运营, 学投网, 深圳, 大专, 15, 初创型, 企业服务 · 金融
用户运营（社区内容方向）, 4, 1, 运营, 运营, 兼职猫, 广州, 大专, 150, 成长型, 移动互联网  · O2O
用户运营, 9, 不, 运营, 运营, 熊小弟, 天津, 学历不限, 15, 初创型, O2O · 旅游
用户运营, 12, 1, 运营, 运营, 趣乐科技（百万琴友家园）, 北京, 本科, 15, 成长型, 移动互联网 · 硬件
用户运营, 6, 不, 运营, 运营, 博赢环深, 宁波, 大专, 15, 初创型, 移动互联网
资深用户运营, 18, 3, 运营, 运营, 贝米钱包, 上海, 本科, 15, 成长型, 金融
用户运营, 6, 1, 运营, 运营, 村村乐, 杭州, 大专, 50, 成熟型, 移动互联网 · 社交网络
用户运营, 6, 1, 运营, 运营, 宜人贷, 北京, 本科, 500, 成熟型, 移动互联网 · 金融
用户运营, 3, 应届毕业, 运营, 运营, 水木云风, 北京, 本科, 15, 初创型, 移动互联网
用户运营, 12, 3, 运营, 运营, 前海股权交易中心, 深圳, 本科, 150, 成熟型, 金融
用户运营, 12, 3, 运营, 运营, 蘑菇街, 杭州, 本科, 500, 成熟型, 电子商务
用户运营, 15, 5, 运营, 运营, 奇象理财, 北京, 本科, 15, 初创型, 移动互联网 · 金融
用户运营, 7, 3, 运营, 运营, e袋洗, 北京, 本科, 500, 成长型, O2O
用户运营, 4, 1, 运营, 运营, 首发, 青岛, 大专, 50, 初创型, 移动互联网 · 招聘
用户运营, 12, 不, 运营, 运营, 出点汗, 北京, 大专, 15, 初创型, 移动互联网 · 医疗健康
用户运营, 7, 不, 运营, 运营, Chargerlink, 北京, 学历不限, 150, 成长型, 移动互联网 · 数据服务
用户运营, 11, 1, 运营, 运营, 壹宝, 杭州, 本科, 15, 初创型, 移动互联网 · 医疗健康
用户运营, 3, 不, 运营, 运营, 聚e购, 武汉, 学历不限, 15, 初创型, 移动互联网 · 电子商务
用户运营, 6, 1, 运营, 运营, 玩聚北京, 北京, 大专, 15, 成长型, 移动互联网 · O2O
用户运营/用户拓展, 4, 不, 运营, 运营, 英网, 青岛, 大专, 50, 初创型, 移动互联网 · 社交网络
用户运营, 7, 不, 运营, 运营, 天天投, 北京, 大专, 15, 成长型, 移动互联网 · 金融
用户运营, 8, 1, 运营, 运营, 赞美传媒, 北京, 本科, 15, 初创型, 电子商务
用户运营, 8, 1, 运营, 运营, 酷客运动, 北京, 学历不限, 15, 初创型, 社交网络 · 文化娱乐
用户运营, 9, 1, 运营, 运营, EEGSmart, 深圳, 本科, 15, 初创型, 移动互联网 · 硬件
用户运营, 6, 3, 运营, 运营, 老宝贝, 苏州, 大专, 15, 成长型, 医疗健康
用户运营, 4, 不, 运营, 运营, 搜房, 成都, 大专, 2000, 上市公, 生活服务 · 文化娱乐
用户运营（客户服务方向）, 6, 1, 运营, 客服, 作业盒子, 北京, 本科, 50, 成长型, 移动互联网 · 教育
用户运营, 3, 不, 运营, 运营, 律兜, 无锡, 大专, 50, 初创型, 移动互联网 · 电子商务
用户运营, 4, 1, 运营, 运营, IYOHOO, 北京, 大专, 15, 初创型, 移动互联网
用户运营, 7, 1, 运营, 运营, 康诺邦, 杭州, 大专, 150, 初创型, 移动互联网
用户运营, 5, 不, 运营, 运营, 文思海辉, 北京, 学历不限, 2000, 成熟型, 移动互联网 · 企业服务
用户运营, 7, 1, 运营, 运营, e袋洗, 厦门, 本科, 500, 成长型, O2O
用户运营, 8, 不, 运营, 运营, 卡保科技, 北京, 学历不限, 150, 成长型, 移动互联网 · O2O
用户运营, 7, 1, 运营, 运营, 北京小赛小可教育科技, 北京, 大专, 15, 成长型, 移动互联网 · 教育
用户运营, 7, 1, 运营, 运营, 深圳市壹佰金融服务有限公司, 深圳, 大专, 50, 成长型, 移动互联网 · 金融
用户运营, 10, 3, 运营, 运营, 品而 Pier, 上海, 本科, 15, 成长型, 移动互联网 · 金融
用户运营, 5, 1, 运营, 运营, 纯真护肤, 苏州, 大专, 50, 成长型, 移动互联网 · 生活服务
用户运营, 6, 1, 运营, 运营, 玖富网, 北京, 本科, 500, 成熟型, 金融
用户运营, 7, 不, 运营, 运营, U贴, 成都, 学历不限, 15, 初创型, 社交网络
用户运营（急聘）, 6, 不, 运营, 运营, 坏男孩, 深圳, 本科, 150, 成长型, 移动互联网
用户运营, 15, 3, 运营, 运营, 58到家, 北京, 本科, 500, 成长型, 移动互联网 · O2O
用户运营, 10, 1, 运营, 运营, 燃点, 北京, 学历不限, 15, 初创型, 移动互联网 · 生活服务
用户运营, 8, 5, 运营, 运营, 文轩教育, 成都, 本科, 50, 初创型, 移动互联网
用户运营, 11, 1, 运营, 运营, 先看网络院线, 北京, 本科, 150, 成长型, 文化娱乐
用户运营, 7, 1, 运营, 运营, 脉圈, 北京, 本科, 15, 成长型, 移动互联网
用户运营, 6, 1, 运营, 运营, 神奇百货, 深圳, 本科, 50, 成长型, 移动互联网 · 电子商务
用户运营, 5, 不, 运营, 运营, 行八方科技, 北京, 学历不限, 50, 初创型, 移动互联网 · O2O
用户运营, 10, 不, 运营, 运营, 呱呱学车, 北京, 学历不限, 15, 成长型, 移动互联网 · O2O
用户运营, 6, 1, 运营, 运营, 泛华企业集团, 广州, 本科, 150, 上市公, 金融
用户运营, 4, 不, 运营, 运营, 拍拍拍, 广州, 学历不限, 15, 初创型, 移动互联网
用户运营专员, 5, 1, 运营, 运营, 礼物说, 北京, 本科, 50, 成长型, 移动互联网 · 电子商务
用户运营, 7, 1, 运营, 运营, 爱充网, 杭州, 本科, 50, 上市公, 生活服务
用户运营, 9, 1, 运营, 运营, 金投手, 北京, 大专, 50, 成长型, 移动互联网 · 金融
用户运营, 8, 1, 运营, 运营, 快医网, 北京, 大专, 50, 成长型, 移动互联网 · 医疗健康
用户运营, 4, 1, 运营, 运营, 北纬56, 上海, 大专, 15, 成长型, 电子商务 · O2O
用户运营, 5, 不, 运营, 运营, 南京布咚健康科技有限公司, 南京, 本科, 15, 初创型, 电子商务 · O2O
用户运营, 12, 1, 运营, 运营, 奥克巴尔, 北京, 本科, 50, 成长型, 金融
用户运营, 5, 1, 运营, 运营, 麟玺创投, 北京, 学历不限, 15, 初创型, 移动互联网
用户运营, 9, 不, 运营, 运营, 五像素, 北京, 学历不限, 15, 初创型, 移动互联网 · O2O
用户运营, 8, 1, 运营, 运营, 房总管, 北京, 本科, 15, 成长型, O2O
用户运营, 22, 5, 运营, 运营, 房多多, 深圳, 本科, 2000, 成熟型, 移动互联网 · O2O
用户运营, 6, 1, 运营, 运营, 众测天下, 深圳, 学历不限, 15, 初创型, 移动互联网 · O2O
用户运营, 7, 1, 运营, 运营, 快约, 北京, 大专, 15, 成长型, 移动互联网
用户运营, 6, 1, 运营, 运营, PP语音, 武汉, 大专, 15, 初创型, 移动互联网 · 社交网络
用户运营, 6, 1, 运营, 运营, 小草音乐, 深圳, 大专, 50, 初创型, 教育 · 硬件
用户运营, 9, 1, 运营, 运营, 乐家园, 北京, 本科, 50, 成长型, 移动互联网 · O2O
用户运营, 4, 不, 运营, 运营, 狗管家, 上海, 学历不限, 15, 初创型, 移动互联网 · 社交网络
用户运营, 6, 不, 运营, 运营, 兼职地带, 上海, 大专, 150, 成长型, 招聘
用户运营, 10, 1, 运营, 运营, 拉卡拉商务服务有限公司, 北京, 大专, 500, 成熟型, 电子商务 · 金融
用户运营, 6, 1, 运营, 运营, IYOHOO, 北京, 大专, 15, 初创型, 移动互联网
用户运营, 3, 不, 运营, 运营, 英语说, 杭州, 学历不限, 15, 成长型, 移动互联网 · 社交网络
用户运营专员, 6, 不, 运营, 运营, 易车险, 北京, 大专, 15, 初创型, 企业服务
用户运营, 5, 不, 运营, 运营, Anker, 长沙, 本科, 150, 初创型, 电子商务
用户运营, 9, 1, 运营, 运营, 时光轨记, 北京, 本科, 15, 初创型, 移动互联网 · 社交网络
用户运营, 6, 1, 运营, 运营, Hello World, 北京, 大专, 15, 初创型, 企业服务 · O2O
用户运营, 7, 1, 运营, 运营, 诺诺镑客, 北京, 大专, 150, 成长型, 移动互联网
用户运营, 11, 1, 运营, 运营, 金葵花网络, 北京, 本科, 50, 成长型, 金融
用户运营, 7, 1, 运营, 运营, 奇葩团网络科技, 上海, 本科, 15, 初创型, 社交网络 · 企业服务
用户运营, 18, 不, 运营, 运营, 小川科技, 北京, 学历不限, 15, 成长型, 移动互联网
用户运营, 20, 3, 运营, 运营, 和缓医疗, 北京, 本科, 150, 成长型, 移动互联网 · 医疗健康
用户运营, 7, 不, 运营, 运营, 易租宜借, 北京, 学历不限, 15, 初创型, O2O · 生活服务
用户运营, 6, 1, 运营, 运营, 遇见旅行, 北京, 大专, 15, 初创型, 旅游
用户运营, 8, 1, 运营, 运营, 天津五八到家生活服务有限公司, 北京, 本科, 150, 成长型, 移动互联网 · O2O
用户运营, 10, 1, 运营, 运营, 亿信金融, 北京, 大专, 50, 初创型, 金融
用户运营, 3, 不, 运营, 运营, 跟谁学, 南京, 学历不限, 15, 成长型, O2O · 教育
用户运营, 8, 1, 运营, 运营, 斧子科技, 北京, 大专, 50, 成长型, 移动互联网
用户运营, 7, 1, 运营, 运营, 智慧洗车, 上海, 大专, 50, 成长型, 电子商务
用户运营, 6, 1, 运营, 运营, 天创信用, 北京, 本科, 50, 成长型, 移动互联网 · 金融
用户运营, 6, 不, 运营, 运营, 机锋, 北京, 大专, 150, 成长型, 文化娱乐
用户运营, 9, 1, 运营, 运营, 盒子鱼英语, 北京, 大专, 50, 成长型, 移动互联网 · 教育
用户运营, 5, 1, 运营, 运营, 姿美堂, 北京, 本科, 150, 成长型, 电子商务
用户运营, 15, 1, 运营, 运营, Yogrt, 深圳, 学历不限, 15, 成长型, 移动互联网 · 社交网络
用户运营, 5, 不, 运营, 运营, 牛电科技, 北京, 本科, 150, 成长型, 移动互联网 · 硬件
用户运营, 8, 不, 运营, 运营, 爱活动（社交APP）, 北京, 本科, 50, 成长型, 移动互联网 · O2O
用户运营, 15, 1, 运营, 运营, 碧桂园集团, 深圳, 本科, 2000, 上市公, O2O · 其他
用户运营, 22, 1, 运营, 运营, 糖果金融, 北京, 本科, 150, 初创型, 金融
用户运营, 12, 1, 运营, 运营, 爱宝宝, 苏州, 本科, 50, 成长型, 移动互联网
用户运营, 6, 不, 运营, 运营, 毅进教育, 上海, 大专, 50, 初创型, 移动互联网 · 教育
用户运营, 6, 1, 运营, 运营, 芬玩科技, 杭州, 大专, 15, 初创型, 移动互联网
用户运营（app端）, 6, 1, 运营, 运营, 宜人贷, 北京, 本科, 500, 成熟型, 移动互联网 · 金融
用户运营, 3, 不, 运营, 运营, 去哪儿网, 北京, 学历不限, 2000, 上市公, 移动互联网
用户运营, 6, 不, 运营, 运营, 青草娱乐, 北京, 学历不限, 15, 初创型, 文化娱乐
用户运营, 5, 1, 运营, 运营, 易用联友, 北京, 本科, 50, 初创型, 移动互联网 · 医疗健康
用户运营, 12, 1, 运营, 运营, 乐百贷, 北京, 学历不限, 150, 初创型, 金融
用户运营, 9, 1, 运营, 运营, 三领科技, 北京, 大专, 15, 初创型, 移动互联网 · O2O
用户运营, 7, 1, 运营, 运营, 中职动力, 北京, 大专, 50, 成长型, 教育
用户运营, 6, 1, 运营, 运营, 戌时科技, 杭州, 大专, 150, 成长型, 移动互联网 · O2O
用户运营, 6, 1, 运营, 运营, 北京清清易科技有限公司, 北京, 学历不限, 50, 初创型, 移动互联网 · 社交网络
用户运营（手机客户端公测）, 10, 1, 运营, 运营, YY Inc, 广州, 本科, 2000, 上市公, 移动互联网
用户运营, 10, 1, 运营, 运营, 微视传媒, 北京, 大专, 150, 成长型, 分类信息 · 其他
用户运营, 5, 1, 运营, 运营, Wonderland-双城科技, 杭州, 本科, 15, 初创型, 移动互联网 · 企业服务
用户运营, 7, 1, 运营, 运营, 易到用车, 北京, 本科, 500, 成熟型, 移动互联网 · O2O
用户运营, 8, 3, 运营, 运营, 云点联动, 北京, 学历不限, 15, 初创型, 移动互联网 · O2O
用户运营, 7, 不, 运营, 运营, 孢子社区, 南京, 学历不限, 15, 初创型, 社交网络
用户运营, 3, 不, 运营, 运营, 2345.com, 上海, 学历不限, 500, 上市公, 数据服务 · 移动互联网
用户运营（招募、运营方向）, 8, 不, 市场与销售, 市场/营销, 住百家, 北京, 本科, 150, 成熟型, O2O · 旅游
用户运营, 6, 不, 运营, 运营, 环球公司, 北京, 本科, 15, 初创型, 文化娱乐 · 其他
用户运营, 9, 1, 运营, 运营, 四季青网络, 杭州, 本科, 150, 成长型, 移动互联网 · O2O
用户运营, 15, 1, 运营, 运营, 跟谁学, 北京, 硕士, 500, 成长型, 移动互联网 · 教育
用户运营, 7, 不, 运营, 运营, 那么社区, 南京, 学历不限, 50, 初创型, 移动互联网 · 社交网络
用户运营, 8, 1, 运营, 运营, 极果, 北京, 本科, 50, 成长型, 硬件 · 文化娱乐
用户运营, 7, 1, 运营, 运营, 卓萌科技, 北京, 学历不限, 15, 初创型, 移动互联网
用户运营, 7, 不, 运营, 运营, 超控, 重庆, 大专, 50, 初创型, 移动互联网 · O2O
高级用户运营, 20, 3, 运营, 运营, 伙伴网, 北京, 大专, 50, 成长型, 企业服务
用户运营, 3, 不, 运营, 运营, 应用汇, 北京, 学历不限, 50, 成长型, 移动互联网
用户运营, 9, 1, 运营, 运营, 君时天下, 北京, 本科, 15, 初创型, 移动互联网 · 社交网络
用户运营, 5, 应届毕业, 运营, 运营, 找记者, 北京, 学历不限, 15, 初创型, 移动互联网
用户运营, 12, 3, 运营, 运营, 阿京妈, 上海, 本科, 15, 初创型, O2O
用户运营, 4, 1, 运营, 运营, 微校, 西安, 本科, 15, 初创型, 移动互联网 · 教育
用户运营, 11, 1, 运营, 运营, 小马金融, 北京, 大专, 150, 初创型, 金融
用户运营, 9, 1, 运营, 运营, 美分期, 北京, 本科, 50, 成长型, 移动互联网 · 医疗健康
用户运营, 15, 3, 运营, 运营, 拓实医疗, 北京, 本科, 50, 成长型, 电子商务 · 医疗健康
用户运营, 7, 3, 运营, 运营, 泽美时代, 深圳, 大专, 150, 初创型, 电子商务
用户运营, 6, 1, 运营, 运营, 希格斯科技发展有限公司, 北京, 大专, 15, 初创型, 移动互联网 · 社交网络
用户运营, 8, 1, 运营, 运营, 跟投网络, 深圳, 大专, 15, 成长型, 移动互联网
用户运营, 8, 1, 运营, 运营, 农丰网, 北京, 大专, 500, 上市公, 电子商务 · O2O
用户运营, 10, 不, 运营, 运营, MAKA, 广州, 学历不限, 50, 成长型, 移动互联网 · 社交网络
用户运营, 10, 1, 运营, 运营, 国泰银科, 北京, 大专, 50, 初创型, 移动互联网
用户运营, 5, 1, 运营, 运营, 欧申斯, 北京, 大专, 50, 初创型, 移动互联网 · 文化娱乐
用户运营, 1, 不, 运营, 运营, 企微, 广州, 本科, 50, 初创型, 移动互联网 · 企业服务
用户运营, 9, 不, 运营, 运营, 富连网, 深圳, 大专, 500, 成熟型, 电子商务
用户运营, 11, 1, 运营, 运营, Owhat, 北京, 本科, 15, 成长型, 移动互联网 · O2O
用户运营, 8, 1, 运营, 运营, 叮叮医生, 广州, 本科, 15, 初创型, 移动互联网
用户运营, 1, 不, 运营, 运营, 猎趣, 北京, 学历不限, 150, 成长型, 移动互联网
用户运营, 6, 1, 运营, 运营, 全满贯, 北京, 本科, 15, 成长型, 移动互联网
用户运营, 6, 1, 运营, 运营, 宜人贷, 北京, 本科, 500, 成熟型, 移动互联网 · 金融
用户运营, 5, 不, 运营, 运营, 用友超客网络科技有限公司浙江区, 杭州, 大专, 50, 上市公, 移动互联网 · O2O
用户运营, 6, 不, 运营, 运营, 汇通财经, 上海, 学历不限, 150, 成熟型, 电子商务 · 文化娱乐
用户运营, 7, 3, 运营, 运营, 走着旅行, 北京, 本科, 50, 成长型, 移动互联网 · 旅游
用户运营, 7, 1, 运营, 运营, 蛋壳公寓, 北京, 本科, 50, 成长型, O2O
用户运营, 5, 不, 运营, 运营, 贯通云网 GT, 北京, 大专, 150, 成长型, O2O · 数据服务
用户运营, 6, 不, 运营, 运营, 华泰中盛, 北京, 本科, 150, 初创型, 移动互联网
用户运营, 6, 1, 运营, 运营, 超控, 重庆, 学历不限, 50, 初创型, 移动互联网 · O2O
用户运营, 6, 1, 运营, 运营, 广州市珀顿化妆品有限公司, 广州, 大专, 15, 初创型, 移动互联网 · 生活服务
用户运营, 7, 3, 运营, 运营, 巨途, 广州, 本科, 15, 初创型, 移动互联网 · 广告营销
用户运营, 9, 3, 运营, 运营, 热米, 深圳, 大专, 15, 初创型, 电子商务
用户运营, 7, 1, 运营, 运营, 深圳有我行科技, 深圳, 大专, 50, 初创型, O2O
用户运营, 1, 不, 运营, 运营, 快捷键, 深圳, 大专, 15, 初创型, 移动互联网 · 教育
用户运营, 12, 1, 运营, 运营, 捧丝儿, 北京, 大专, 15, 初创型, 移动互联网 · 社交网络
用户运营, 11, 3, 运营, 运营, 轻松家电, 深圳, 本科, 500, 成长型, O2O
用户运营, 15, 1, 运营, 运营, 意念电子, 深圳, 大专, 15, 初创型, 社交网络
用户运营, 7, 1, 运营, 运营, 联通华建, 北京, 本科, 150, 成长型, 移动互联网
用户运营, 11, 3, 运营, 运营, Testin云测, 北京, 大专, 150, 成长型, 移动互联网
用户运营, 7, 1, 运营, 运营, 翼迅科技, 深圳, 大专, 15, 初创型, 移动互联网 · O2O
用户运营专员, 5, 不, 运营, 运营, 来嗨科技, 杭州, 本科, 15, 初创型, 移动互联网 · 硬件
用户运营专员, 10, 1, 运营, 运营, CVTE, 广州, 本科, 500, 成熟型, 数据服务 · 硬件
用户运营, 3, 1, 运营, 运营, 房超网, 济南, 大专, 50, 初创型, 移动互联网 · 电子商务
用户运营, 15, 1, 运营, 运营, SKG, 广州, 大专, 150, 成长型, 电子商务 · O2O
用户运营（实习生）, 2, 不, 运营, 运营, STARK, 上海, 学历不限, 15, 成长型, 移动互联网 · 文化娱乐
用户运营, 10, 1, 运营, 运营, 58到家, 北京, 本科, 2000, 成长型, O2O · 生活服务
用户运营, 7, 1, 运营, 运营, 格骛网络科技, 上海, 本科, 15, 初创型, 企业服务 · 广告营销
（实习）用户运营, 3, 不, 运营, 运营, 葱课, 杭州, 学历不限, 15, 成长型, 移动互联网 · 教育
用户运营, 6, 1, 运营, 运营, 产品100, 成都, 本科, 15, 成长型, 企业服务 · 教育
用户运营, 6, 1, 运营, 运营, 58同城, 北京, 本科, 2000, 上市公, 生活服务 · 分类信息
用户运营, 4, 1, 运营, 运营, 房和美, 深圳, 大专, 15, 初创型, 金融
用户运营, 10, 1, 运营, 运营, 天地通, 深圳, 本科, 15, 成长型, 移动互联网 · 其他
用户运营, 7, 1, 运营, 运营, E保管家, 北京, 本科, 15, 初创型, 移动互联网 · 金融
用户运营, 3, 不, 运营, 运营, 上海棒约翰餐饮管理有限公司, 上海, 大专, 500, 成熟型, 生活服务
用户运营, 7, 3, 运营, 运营, 鹏千里, 深圳, 本科, 15, 初创型, 移动互联网 · 企业服务
用户运营, 16, 3, 运营, 运营, 我奇, 上海, 本科, 15, 初创型, 电子商务 · 文化娱乐
用户运营, 6, 1, 运营, 运营, 家宅宝, 成都, 大专, 15, 初创型, 移动互联网 · O2O
用户运营, 7, 1, 运营, 运营, 溯联信息, 北京, 大专, 15, 初创型, O2O · 硬件
用户运营, 10, 1, 运营, 运营, 趣互联, 北京, 大专, 15, 初创型, 移动互联网 · 社交网络
用户运营, 7, 1, 运营, 运营, 抓钱猫, 杭州, 本科, 15, 成长型, 移动互联网 · 金融
用户运营, 9, 1, 运营, 运营, 深圳市伯骐科技有限公司, 深圳, 大专, 15, 初创型, 移动互联网 · 电子商务
用户运营, 4, 不, 运营, 运营, 杭州旭浩科技有限公司, 杭州, 学历不限, 15, 初创型, 移动互联网 · O2O
用户运营, 15, 1, 运营, 运营, 财神爷爷, 北京, 本科, 150, 成长型, 移动互联网 · 金融
用户运营, 7, 1, 运营, 运营, 咨我, 广州, 大专, 15, 初创型, 移动互联网
用户运营, 3, 不, 运营, 运营, 宇泰思科, 北京, 学历不限, 15, 初创型, 移动互联网
用户运营, 8, 1, 运营, 运营, 东方融资网, 上海, 本科, 500, 成长型, 金融
用户运营, 9, 1, 运营, 运营, 客脉, 北京, 本科, 15, 初创型, 移动互联网
用户运营, 7, 1, 运营, 运营, 京东金融, 北京, 本科, 2000, 上市公, 金融
用户运营, 5, 1, 运营, 运营, 简途旅行, 成都, 本科, 50, 成长型, 移动互联网 · 旅游
用户运营, 11, 1, 运营, 运营, 捷开科技, 北京, 本科, 2000, 成熟型, 移动互联网
用户运营, 4, 不, 运营, 运营, 寻球, 北京, 本科, 15, 初创型, 移动互联网 · 文化娱乐
用户运营, 12, 3, 运营, 运营, 千壹理财, 北京, 大专, 50, 初创型, 金融 · 移动互联网
用户运营, 10, 1, 运营, 运营, 跟谁投, 上海, 本科, 15, 初创型, 移动互联网 · 金融
用户运营, 7, 1, 运营, 运营, 娃娃路, 北京, 大专, 15, 初创型, 教育
用户运营, 15, 3, 运营, 运营, 21cake, 上海, 本科, 500, 成熟型, 电子商务 · 生活服务
用户运营, 9, 1, 运营, 运营, 点入移动, 北京, 大专, 150, 上市公, 移动互联网
用户运营, 6, 1, 运营, 运营, 船歌, 北京, 本科, 500, 成熟型, 电子商务 · O2O
用户运营, 9, 1, 运营, 运营, 车能贷, 上海, 大专, 50, 初创型, 金融
用户运营, 12, 3, 运营, 运营, leezee 栗子, 北京, 本科, 15, 初创型, 移动互联网 · 社交网络
用户运营, 3, 应届毕业, 运营, 运营, 九十度生活, 北京, 大专, 15, 初创型, 移动互联网
用户运营, 5, 不, 运营, 运营, 星尘, 深圳, 学历不限, 15, 初创型, 社交网络 · 生活服务
用户运营, 10, 1, 运营, 运营, 中广闪动, 北京, 本科, 50, 初创型, 移动互联网 · 文化娱乐
用户运营（抓用户、管陪聊、能文能武）, 8, 3, 运营, 运营, 千寻在线, 北京, 学历不限, 15, 初创型, 移动互联网 · 社交网络
用户运营（实习生）, 2, 不, 运营, 运营, 微岸传媒, 上海, 学历不限, 15, 成长型, 移动互联网 · 文化娱乐
用户运营, 9, 1, 运营, 运营, 网鱼网咖, 杭州, 本科, 150, 成长型, 移动互联网 · O2O
用户运营, 11, 1, 运营, 运营, 精灵网络, 北京, 学历不限, 15, 成长型, 移动互联网 · 硬件
用户运营, 2, 不, 运营, 运营, 球约, 广州, 学历不限, 15, 初创型, 移动互联网
用户运营, 9, 不, 运营, 运营, 人人贷, 北京, 本科, 150, 成长型, 金融
用户运营, 4, 1, 运营, 运营, 妈妈联盟, 武汉, 本科, 50, 成长型, 电子商务
用户运营, 8, 1, 运营, 运营, 你我互联, 深圳, 学历不限, 15, 初创型, 移动互联网
用户运营, 11, 1, 运营, 运营, 朋友说, 北京, 学历不限, 15, 初创型, 移动互联网 · 电子商务
用户运营, 4, 不, 运营, 运营, 麦田互动, 北京, 学历不限, 15, 初创型, 移动互联网 · 生活服务
用户运营, 15, 5, 运营, 运营, 米投米投网络科技有限公司, 北京, 本科, 50, 成长型, 移动互联网 · 金融
用户运营, 16, 3, 运营, 运营, 北京搜房科技发展有限公司, 北京, 本科, 2000, 上市公, 移动互联网 · 金融
用户运营, 9, 1, 运营, 运营, 巴别鸟, 上海, 学历不限, 15, 成长型, 移动互联网 · 教育
用户运营, 5, 3, 运营, 运营, 贝贝壳, 北京, 学历不限, 15, 初创型, O2O · 医疗健康
用户运营（指旺）, 11, 1, 运营, 运营, 宜信公司, 北京, 本科, 2000, 成熟型, 移动互联网 · 金融
用户运营, 12, 3, 运营, 运营, 优扬传媒, 北京, 大专, 150, 成长型, 文化娱乐
用户运营（在校生实习）, 3, 不, 运营, 运营, 汇通财经, 上海, 学历不限, 150, 成熟型, 电子商务 · 文化娱乐
用户运营, 8, 不, 运营, 运营, Naive!那衣服, 上海, 学历不限, 15, 初创型, 移动互联网 · O2O
用户运营, 1, 不, 运营, 运营, 魔菇科技, 北京, 学历不限, 15, 初创型, 移动互联网 · 社交网络
用户运营 专员, 7, 1, 运营, 运营, 优分期, 北京, 大专, 500, 成长型, 电子商务 · 金融
用户运营, 8, 1, 运营, 运营, 界面, 北京, 本科, 150, 成长型, 金融
用户运营, 9, 不, 运营, 运营, 红点, 北京, 本科, 15, 成长型, 移动互联网
用户运营, 7, 1, 运营, 运营, 咿呀, 上海, 学历不限, 15, 成长型, 移动互联网
用户运营, 9, 1, 运营, 运营, 四季青网络, 杭州, 本科, 150, 成长型, 移动互联网 · O2O
用户运营, 11, 1, 运营, 运营, 快法务, 北京, 本科, 50, 成长型, 电子商务 · 企业服务
用户运营, 9, 1, 运营, 运营, 超级减肥王(三益堂科技), 北京, 本科, 50, 成长型, 移动互联网 · 生活服务
用户运营, 8, 1, 运营, 运营, Silvrr, 深圳, 本科, 15, 初创型, 移动互联网 · 金融
用户运营, 7, 1, 运营, 运营, 持创, 上海, 大专, 50, 成长型, 移动互联网 · 电子商务
用户运营, 20, 3, 运营, 运营, 云族佳, 北京, 大专, 15, 成长型, 移动互联网
用户运营, 5, 3, 运营, 运营, 小马管家, 杭州, 大专, 150, 成长型, O2O · 生活服务
用户运营(高校), 7, 1, 运营, 运营, ITbegin云编程, 杭州, 本科, 15, 初创型, 移动互联网 · 教育
用户运营, 12, 1, 运营, 运营, 观流科技, 北京, 大专, 150, 成长型, 移动互联网 · 电子商务
用户运营, 4, 不, 运营, 运营, 房总管, 北京, 大专, 15, 成长型, O2O
用户运营, 8, 1, 运营, 运营, ZANK赞客, 北京, 本科, 15, 成长型, 移动互联网 · 社交网络
用户运营, 11, 不, 运营, 运营, 小饭桌, 北京, 学历不限, 50, 成长型, 移动互联网 · O2O
用户运营专员, 6, 不, 运营, 运营, 信达天下, 广州, 本科, 50, 成长型, 移动互联网
用户运营 专员, 9, 1, 运营, 运营, 优分期, 北京, 大专, 500, 成长型, 电子商务 · 金融
用户运营, 1, 不, 运营, 运营, PED完美体验设计师（驰恩）, 上海, 学历不限, 15, 初创型, 社交网络 · O2O
用户运营, 10, 1, 运营, 运营, 一学时--职业在线学习平台, 上海, 学历不限, 15, 初创型, 教育
用户运营, 4, 1, 运营, 运营, 酷壹科技, 上海, 大专, 150, 上市公, 移动互联网 · 电子商务
用户运营, 9, 1, 运营, 运营, 360搜索, 北京, 本科, 500, 上市公, 移动互联网
用户运营, 7, 1, 运营, 运营, 缘创派, 北京, 大专, 50, 成长型, 移动互联网 · 社交网络
用户运营, 9, 1, 运营, 运营, e代驾, 北京, 本科, 500, 成熟型, 移动互联网 · O2O
用户运营, 5, 不, 运营, 运营, 趣吃饭, 北京, 学历不限, 50, 成长型, O2O
用户运营（粉丝人群）, 7, 不, 运营, 运营, 光合音乐, 北京, 学历不限, 15, 成长型, 移动互联网
用户运营, 12, 1, 运营, 运营, 上海一画, 哈尔滨, 大专, 150, 成长型, 移动互联网 · 电子商务
用户运营, 7, 1, 运营, 运营, 嗒嗒巴士, 深圳, 本科, 150, 成长型, O2O
用户运营, 5, 不, 运营, 运营, 创新工场 优美图, 北京, 大专, 15, 成长型, 移动互联网 · 社交网络
用户运营（偏数据方向）, 15, 1, 运营, 运营, 京东金融, 北京, 本科, 2000, 上市公, 金融
用户运营, 10, 1, 运营, 运营, 宜人贷, 北京, 本科, 500, 成熟型, 移动互联网 · 金融
用户运营, 4, 不, 运营, 运营, 遥指科技, 杭州, 学历不限, 15, 成长型, 移动互联网 · 数据服务
用户运营, 6, 1, 运营, 运营, 神猪, 杭州, 大专, 50, 成长型, 移动互联网
用户运营, 8, 1, 运营, 运营, 房多多, 深圳, 本科, 2000, 成熟型, 移动互联网 · O2O
用户运营（偏数据方向）, 15, 1, 运营, 运营, 京东金融, 北京, 本科, 2000, 上市公, 金融
用户运营, 10, 1, 运营, 运营, 希望金融, 北京, 大专, 50, 上市公, 金融
用户运营专员, 7, 1, 运营, 运营, 优分期, 北京, 本科, 500, 成长型, 电子商务 · 金融
用户运营（手账/多肉领域）, 3, 不, 运营, 运营, 友品网络, 上海, 学历不限, 15, 成长型, 移动互联网 · 社交网络
用户运营（偏客服）, 4, 不, 运营, 运营, 收留我shou65, 杭州, 学历不限, 15, 成长型, O2O · 旅游
用户运营, 6, 不, 运营, 运营, 融融汇, 杭州, 大专, 15, 初创型, 金融 · 数据服务
用户运营, 6, 1, 运营, 运营, 北京火原跳动科技有限公司, 北京, 本科, 15, 成长型, 移动互联网 · 生活服务
用户运营, 15, 1, 运营, 运营, 卓尔太奇, 北京, 大专, 15, 初创型, 移动互联网
用户运营, 5, 应届毕业, 运营, 运营, 淘梦, 北京, 本科, 15, 成长型, 移动互联网 · 文化娱乐
用户运营, 4, 不, 运营, 运营, 新言教育, 杭州, 大专, 15, 初创型, 移动互联网 · 教育
用户运营专员, 6, 1, 运营, 运营, 美柚, 杭州, 本科, 150, 成熟型, 移动互联网
用户运营, 3, 不, 运营, 运营, 意非网络科技, 重庆, 学历不限, 15, 初创型, 移动互联网
用户运营, 11, 1, 运营, 运营, Kochava, 北京, 本科, 50, 成长型, 移动互联网 · 数据服务
用户运营, 11, 1, 运营, 运营, 美吖, 杭州, 大专, 15, 初创型, O2O · 移动互联网
用户运营专员, 7, 1, 运营, 运营, 优分期, 北京, 大专, 500, 成长型, 电子商务 · 金融
用户运营, 6, 1, 运营, 运营, 汁味, 北京, 大专, 50, 初创型, O2O
用户运营, 11, 3, 运营, 运营, 58到家, 北京, 本科, 2000, 成长型, O2O · 生活服务
用户运营, 6, 1, 运营, 运营, 圈网科技, 北京, 大专, 50, 初创型, 移动互联网 · 游戏
初级用户运营, 6, 1, 运营, 运营, 绚威, 上海, 大专, 15, 初创型, 移动互联网 · 社交网络
用户运营, 8, 1, 运营, 运营, 千年隼号, 北京, 本科, 15, 初创型, 移动互联网 · 电子商务
用户运营, 25, 5, 运营, 运营, 福豆科技, 成都, 本科, 50, 初创型, 移动互联网
用户运营, 9, 1, 运营, 运营, YY Inc, 广州, 本科, 2000, 上市公, 移动互联网
用户运营, 22, 1, 运营, 运营, 海航集团下属互联网金融公司, 北京, 本科, 15, 初创型, 移动互联网 · 电子商务
用户运营专员, 6, 不, 运营, 运营, 什么值得买, 北京, 学历不限, 150, 成长型, 电子商务 · 文化娱乐
用户运营, 9, 1, 运营, 运营, e袋洗, 北京, 本科, 500, 成长型, O2O
用户运营, 6, 1, 运营, 运营, Weego, 北京, 本科, 15, 成长型, 旅游
用户运营, 7, 不, 运营, 运营, 京东金融, 北京, 本科, 2000, 上市公, 金融
【会员管理】用户运营, 8, 1, 运营, 运营, 京东金融, 北京, 本科, 2000, 上市公, 金融
用户运营, 12, 3, 运营, 运营, 汇联金融, 深圳, 大专, 150, 上市公, 金融
用户运营, 15, 1, 运营, 运营, 去兜风, 北京, 本科, 15, 成长型, 旅游
用户运营, 10, 1, 运营, 运营, 小组饭, 北京, 本科, 50, 成长型, 移动互联网 · 电子商务
用户运营（北京职位）, 15, 1, 运营, 运营, LEOMASTER, 北京, 本科, 150, 成长型, 移动互联网
用户运营, 5, 不, 运营, 运营, 蜂房科技, 上海, 学历不限, 50, 初创型, O2O
用户运营, 9, 不, 运营, 运营, 杭州果辣, 杭州, 学历不限, 15, 初创型, 移动互联网 · 企业服务
用户运营, 1, 不, 运营, 运营, 维港益方, 深圳, 大专, 15, 初创型, 移动互联网 · 医疗健康
用户运营, 9, 1, 运营, 运营, 翼迅科技, 深圳, 本科, 15, 初创型, 移动互联网 · O2O
用户运营, 9, 1, 运营, 运营, 嗅嗅, 杭州, 本科, 15, 初创型, 移动互联网 · 企业服务
用户运营助理, 3, 不, 运营, 运营, 糖果网络, 长沙, 学历不限, 15, 初创型, 移动互联网
用户运营, 5, 1, 运营, 运营, 网鱼网咖, 杭州, 学历不限, 150, 成长型, 移动互联网 · O2O
用户运营, 4, 不, 运营, 运营, 杭州果辣, 杭州, 学历不限, 15, 初创型, 移动互联网 · 企业服务
用户运营, 11, 3, 运营, 运营, 么么嗖, 深圳, 本科, 150, 成长型, 移动互联网 · 电子商务
用户运营, 12, 3, 运营, 运营, 网易, 杭州, 本科, 2000, 上市公, 移动互联网 · 游戏
用户运营专员, 5, 1, 运营, 运营, 互动百科, 北京, 本科, 150, 成熟型, 电子商务 · 企业服务
用户运营, 6, 1年以, 运营, 运营, 法网传媒, 北京, 本科, 15, 初创型, 移动互联网 · 金融
用户运营, 15, 3, 运营, 运营, 58同城, 北京, 本科, 2000, 上市公, 生活服务 · 分类信息
用户运营专员, 4, 不, 运营, 客服, 君海游戏, 广州, 本科, 50, 成长型, 移动互联网
用户运营, 15, 5, 运营, 运营, Testin云测, 北京, 大专, 150, 成长型, 移动互联网
用户运营, 1, 不, 运营, 运营, 去哪儿网, 北京, 学历不限, 2000, 上市公, 移动互联网
用户运营, 6, 不, 运营, 运营, 呀呀语音, 深圳, 大专, 50, 成长型, 社交网络 · 文化娱乐
用户运营, 5, 不, 运营, 运营, 闪雷（上海）公司, 上海, 学历不限, 15, 初创型, 移动互联网 · 企业服务
用户运营, 7, 3, 运营, 运营, 动网, 北京, 大专, 15, 初创型, 移动互联网 · 电子商务
用户运营专员, 8, 1, 运营, 运营, 妙计旅行, 北京, 本科, 50, 成长型, 旅游
用户运营, 14, 3, 运营, 运营, 图吧, 北京, 本科, 150, 成熟型, 移动互联网 · 企业服务
用户运营, 2, 不, 运营, 运营, 人人网, 北京, 学历不限, 2000, 上市公, 社交网络 · 金融
用户运营, 9, 1, 运营, 运营, 超级减肥王, 北京, 大专, 50, 成长型, 移动互联网 · 社交网络
用户运营, 15, 1, 运营, 运营, 快美妆, 深圳, 学历不限, 15, 成长型, 移动互联网 · 文化娱乐
用户运营, 9, 1, 运营, 运营, 超级减肥王, 北京, 本科, 50, 成长型, 移动互联网 · 社交网络
用户运营 专员, 7, 1, 运营, 运营, 优分期, 北京, 本科, 500, 成长型, 电子商务 · 金融
用户运营, 6, 1, 运营, 运营, 知知, 上海, 本科, 15, 初创型, 移动互联网 · 教育
用户运营, 7, 不, 运营, 运营, 家范儿, 北京, 学历不限, 50, 初创型, 移动互联网 · O2O
用户运营, 7, 不, 运营, 运营, 美团外卖, 上海, 大专, 2000, 成熟型, 移动互联网 · O2O
用户运营, 22, 3, 运营, 运营, 滴滴出行（小桔科技）, 北京, 本科, 2000, 成熟型, 移动互联网 · 电子商务
用户运营, 12, 不, 运营, 运营, 丰巢科技有限公司, 深圳, 本科, 2000, 初创型, 金融 · 数据服务
用户运营, 22, 3, 运营, 运营, 腾讯, 北京, 本科, 2000, 上市公, 移动互联网  · 游戏
用户运营, 11, 1, 运营, 运营, 青岛易联天下, 青岛, 大专, 150, 初创型, 移动互联网 · 电子商务
用户运营, 6, 应届毕业, 运营, 运营, 同程旅游, 苏州, 大专, 2000, 成熟型, 移动互联网 · 旅游
用户运营/推广, 7, 不, 运营, 运营, 塞上网络, 上海, 学历不限, 15, 初创型, 移动互联网
用户运营, 4, 不, 运营, 运营, 杭州果辣, 杭州, 学历不限, 15, 初创型, 移动互联网 · 企业服务
用户运营, 6, 不, 运营, 运营, 杭州果辣, 杭州, 学历不限, 15, 初创型, 移动互联网 · 企业服务
用户运营, 7, 1, 运营, 运营, 酷米客公交, 深圳, 本科, 50, 成长型, 移动互联网
用户运营, 3, 应届毕业, 运营, 运营, 觅游科技, 北京, 学历不限, 15, 初创型, 移动互联网 · 旅游
用户运营, 4, 不, 运营, 运营, bong, 杭州, 本科, 15, 初创型, 生活服务 · 硬件
用户运营, 15, 3, 运营, 运营, 聚财村, 北京, 本科, 15, 成长型, 移动互联网 · 金融
用户运营, 5, 不, 运营, 运营, 息起飞莘, 深圳, 学历不限, 15, 初创型, 广告营销
用户运营, 11, 3, 运营, 运营, 天津五八到家生活服务有限公司, 北京, 本科, 150, 成长型, 移动互联网 · O2O
用户运营, 9, 3, 运营, 运营, 航班管家, 北京, 大专, 150, 成熟型, 移动互联网
用户运营, 15, 3, 运营, 运营, 58同城, 北京, 本科, 2000, 上市公, 生活服务 · 分类信息
用户运营, 15, 1, 运营, 运营, 浙优民间资本理财服务有限公司, 杭州, 大专, 50, 成长型, 移动互联网 · 企业服务
用户运营（销售方向）, 5, 1, 运营, 运营, 奇遇旅行, 广州, 大专, 15, 初创型, O2O · 旅游
用户运营, 10, 3, 运营, 运营, 秀出趣, 深圳, 本科, 15, 初创型, 移动互联网 · 电子商务
用户运营（应届生优先）, 5, 应届毕业, 运营, 运营, 91恋车, 深圳, 学历不限, 50, 初创型, 移动互联网 · 社交网络
用户运营, 5, 不, 运营, 运营, NEW（旧爱如新）, 北京, 本科, 150, 成长型, 电子商务
高级用户运营, 9, 3, 运营, 运营, 万丈网络, 广州, 本科, 50, 初创型, 移动互联网 · 电子商务
用户运营, 4, 不, 运营, 运营, 动吧体育, 北京, 大专, 15, 成长型, 移动互联网 · 文化娱乐
用户运营专员, 6, 1, 运营, 运营, 绿茶网, 北京, 本科, 50, 成长型, 电子商务 · O2O
用户运营(实习), 2, 应届毕业, 运营, 运营, 闪店空间, 上海, 大专, 15, 初创型, 移动互联网 · O2O
用户运营, 40, 5, 运营, 运营, 小小网络, 杭州, 大专, 150, 成长型, 移动互联网
用户运营, 11, 1, 运营, 运营, 58到家, 北京, 大专, 2000, 成长型, O2O · 生活服务
资深用户运营, 7, 1, 运营, 运营, 知底儿, 杭州, 本科, 15, 初创型, 社交网络 · 生活服务
用户运营（新媒体）, 5, 不, 运营, 运营, 云朵, 厦门, 大专, 50, 初创型, 移动互联网
用户运营, 6, 不, 运营, 运营, V够（Vgool）校园生活神器, 北京, 学历不限, 50, 初创型, 移动互联网 · 电子商务
用户运营, 3, 应届毕业, 运营, 运营, 去哪儿网, 北京, 学历不限, 2000, 上市公, 移动互联网
用户运营, 6, 不, 运营, 运营, 酷浪运动, 深圳, 大专, 15, 成长型, 移动互联网 · 文化娱乐
用户运营专员, 6, 1, 运营, 运营, 折800, 北京, 本科, 500, 成熟型, 电子商务 · O2O
用户运营, 7, 1, 运营, 运营, 赏金猎人, 北京, 本科, 15, 初创型, 移动互联网
高级用户运营, 8, 3, 运营, 运营, 要出发, 广州, 本科, 500, 成熟型, 电子商务 · 生活服务
用户运营, 11, 3, 运营, 运营, 晓礼网, 北京, 本科, 15, 初创型, 移动互联网 · 社交网络
用户运营, 7, 应届毕业, 运营, 运营, 嗨学网, 北京, 本科, 150, 成长型, 移动互联网
用户运营, 11, 1, 运营, 运营, 乐智, 北京, 本科, 15, 初创型, 移动互联网 · 教育
用户运营, 8, 不, 运营, 运营, 天津五八到家生活服务有限公司, 北京, 本科, 150, 成长型, 移动互联网 · O2O
用户运营专员, 7, 不, 运营, 运营, 玖富网, 北京, 大专, 2000, 成熟型, 金融
用户运营, 7, 1, 运营, 运营, 果敢时代, 北京, 大专, 50, 成长型, 移动互联网 · 电子商务
用户运营, 3, 不, 运营, 运营, 云麦YUNMAI, 深圳, 大专, 50, 成长型, 移动互联网 · 硬件
用户运营负责人, 8, 1, 运营, 运营, 爱度周末, 杭州, 学历不限, 150, 成长型, 移动互联网 · 旅游
用户运营专员, 10, 1, 运营, 运营, 浙江执御信息技术有限公司, 杭州, 大专, 150, 成长型, 移动互联网 · 数据服务
用户运营, 7, 1, 运营, 运营, QLIFE隐趣, 北京, 大专, 15, 初创型, 移动互联网 · 电子商务
用户运营, 4, 1, 运营, 运营, 法本信息, 深圳, 大专, 2000, 成熟型, 企业服务 · 招聘
用户运营, 11, 1, 运营, 运营, 铭万, 北京, 大专, 500, 初创型, 移动互联网
用户运营, 5, 1, 运营, 运营, 秒拍, 北京, 本科, 50, 成熟型, 移动互联网
用户运营专员, 6, 1, 运营, 运营, 麦豆科技, 北京, 本科, 50, 成长型, 移动互联网
用户运营, 7, 1, 运营, 运营, 巧克力盒娱乐, 北京, 学历不限, 15, 初创型, 文化娱乐
用户运营专员, 11, 1, 运营, 运营, 停有钱, 北京, 大专, 150, 成长型, 移动互联网 · 金融
用户运营, 8, 不, 运营, 运营, 开始众筹, 杭州, 学历不限, 15, 初创型, 移动互联网 · 金融
资深用户运营, 9, 1, 运营, 运营, 爱到家, 杭州, 本科, 15, 成长型, 移动互联网
用户运营, 6, 1, 运营, 运营, Insta360, 深圳, 大专, 50, 成长型, 移动互联网 · 文化娱乐
高级用户运营, 15, 3, 运营, 运营, 8点后, 上海, 本科, 15, 成长型, 移动互联网 · 社交网络
用户运营专员, 10, 3, 运营, 运营, 金色家园科技, 北京, 大专, 500, 成熟型, O2O
用户运营, 4, 1年以, 运营, 运营, 第三方金融, 广州, 大专, 15, 初创型, 移动互联网 · 金融
用户运营, 25, 3, 运营, 运营, 51Talk无忧英语, 北京, 本科, 500, 成熟型, 移动互联网 · 教育
用户运营, 7, 1, 运营, 运营, 快生活, 深圳, 大专, 15, 初创型, 移动互联网 · O2O
用户运营（供给端）, 7, 1, 运营, 运营, 阿凡题, 北京, 本科, 50, 成长型, 移动互联网 · 教育
用户运营专员, 6, 不, 运营, 运营, 信分宝, 北京, 大专, 50, 成长型, 移动互联网 · 电子商务
用户运营, 8, 1, 运营, 运营, 芝士阅读, 北京, 本科, 15, 初创型, 移动互联网 · 文化娱乐
用户运营专员, 6, 不, 运营, 运营, 信分宝, 北京, 大专, 50, 成长型, 移动互联网 · 电子商务
用户运营, 7, 不, 运营, 运营, 古德体育, 北京, 大专, 15, 初创型, 移动互联网 · 文化娱乐
用户运营专员（数据）, 5, 1, 运营, 运营, 折800, 北京, 本科, 500, 成熟型, 电子商务 · O2O
用户运营, 11, 1, 运营, 运营, 新浪微博, 北京, 本科, 2000, 上市公, 移动互联网
用户运营, 7, 1年以, 运营, 运营, 时光机 | XMOMENTS, 北京, 本科, 15, 成长型, 移动互联网
用户运营——北京, 9, 1, 运营, 运营, 网鱼网咖.鱼泡泡, 北京, 大专, 15, 成长型, 生活服务
用户运营, 11, 3, 运营, 运营, 好孕帮, 北京, 学历不限, 15, 成长型, 医疗健康
用户运营, 15, 1, 运营, 运营, 态客必住, 北京, 本科, 15, 初创型, 移动互联网 · 旅游
用户运营, 9, 1, 运营, 运营, 小米, 北京, 本科, 2000, 成熟型, 移动互联网
用户运营专员, 5, 不, 运营, 运营, 折800, 北京, 本科, 500, 成熟型, 电子商务 · O2O
用户运营, 1, 不, 运营, 运营, 大众点评, 北京, 大专, 2000, 成熟型, 移动互联网 · O2O
用户运营, 8, 1, 运营, 运营, 志惠科技, 北京, 大专, 15, 初创型, 移动互联网
用户运营, 6, 1, 运营, 运营, 富士康科技集团深圳总部, 深圳, 大专, 2000, 上市公, 电子商务  · 数据服务
用户运营专员, 6, 1, 运营, 运营, 信分宝, 北京, 大专, 50, 成长型, 移动互联网 · 电子商务
用户运营, 9, 1, 运营, 运营, 欢否, 北京, 学历不限, 15, 成长型, 社交网络 · O2O
用户运营, 4, 应届毕业, 运营, 运营, 良品优选, 北京, 本科, 15, 初创型, 移动互联网 · 电子商务
用户运营, 6, 1, 运营, 运营, 辛巴达旅行网, 广州, 大专, 50, 成长型, 旅游
用户运营, 11, 1, 运营, 运营, 校友网, 北京, 本科, 15, 初创型, 移动互联网 · 社交网络
用户运营, 6, 1, 运营, 运营, 小微金服, 成都, 大专, 150, 初创型, 金融
用户运营, 10, 3, 运营, 运营, 创维数字, 深圳, 大专, 2000, 上市公, 硬件 · 其他
用户运营, 22, 1, 运营, 运营, 广发证券, 广州, 硕士, 2000, 上市公, 金融
用户运营, 6, 1, 运营, 运营, 图解电影, 深圳, 大专, 15, 成长型, 移动互联网
资深 用户运营, 10, 3, 运营, 运营, 神猪, 杭州, 本科, 50, 成长型, 移动互联网
用户运营, 22, 3, 运营, 运营, 收货宝, 北京, 本科, 150, 成长型, O2O
用户运营专员, 5, 1, 运营, 运营, 交易家外汇黄金, 上海, 大专, 15, 成长型, 移动互联网 · 金融
用户运营, 4, 1, 运营, 运营, 嗨音Highing, 杭州, 大专, 15, 成长型, 移动互联网 · 社交网络
用户运营, 11, 1, 运营, 运营, 新浪微博, 北京, 本科, 2000, 上市公, 移动互联网 · 社交网络
用户运营, 10, 1, 运营, 运营, 景典游, 北京, 本科, 15, 成长型, 移动互联网
资深用户运营, 12, 3, 运营, 运营, 然成金融, 上海, 本科, 150, 初创型, 金融
用户运营专员, 5, 1, 运营, 运营, 元子育儿, 北京, 本科, 15, 成长型, 移动互联网 · 教育
用户运营, 3, 应届毕业, 运营, 运营, 网鱼网咖, 杭州, 本科, 150, 成长型, 移动互联网 · O2O
用户运营, 6, 1年以, 运营, 运营, 腾讯众创空间（北京）, 北京, 本科, 15, 初创型, 其他
用户运营（senior）, 30, 3, 运营, 运营, 学森, 北京, 本科, 15, 初创型, 移动互联网 · 教育
用户运营, 12, 1, 运营, 运营, 香送, 北京, 大专, 50, 初创型, 移动互联网 · 电子商务
用户运营, 2, 应届毕业, 运营, 运营, 大院子, 成都, 本科, 15, 初创型, 社交网络 · O2O
用户运营（整形咨询顾问）, 9, 1, 运营, 运营, mua美妆, 北京, 大专, 15, 成长型, 移动互联网 · 文化娱乐
用户运营, 7, 3, 运营, 运营, 神州数码, 徐州, 本科, 2000, 上市公, 硬件  · 数据服务
用户运营（数据挖掘支持）, 7, 1, 运营, 运营, 软通动力, 北京, 本科, 2000, 上市公, 移动互联网 · 企业服务
用户运营, 11, 不, 运营, 运营, 牛咖, 上海, 学历不限, 15, 初创型, 移动互联网 · 社交网络
用户运营专员, 7, 1, 运营, 运营, 优分期, 北京, 本科, 500, 成长型, 电子商务 · 金融
用户运营, 12, 1, 运营, 运营, 加丁 | Adding, 北京, 学历不限, 15, 成长型, 移动互联网 · 医疗健康
用户运营——深圳, 10, 1, 运营, 运营, 网鱼网咖.鱼泡泡, 深圳, 大专, 15, 成长型, 生活服务
用户运营专员, 7, 3, 运营, 运营, 巴士在线, 北京, 大专, 500, 成熟型, 移动互联网 · 文化娱乐
用户运营, 9, 1, 运营, 运营, 内什么, 北京, 学历不限, 15, 初创型, 移动互联网 · 社交网络
用户运营专员, 10, 1, 运营, 运营, 中腾信, 上海, 大专, 2000, 初创型, 移动互联网 · 金融
用户运营专员, 7, 1, 运营, 运营, 美家客, 北京, 本科, 15, 初创型, 移动互联网 · 硬件
用户运营专员, 7, 1, 运营, 运营, 好屋中国, 上海, 学历不限, 2000, 成长型, 移动互联网  · O2O
用户运营, 12, 3, 运营, 运营, 网易, 杭州, 本科, 2000, 上市公, 移动互联网 · 游戏
用户运营, 10, 1, 运营, 运营, 寺库集团, 北京, 本科, 500, 成熟型, 移动互联网 · 电子商务
客服（用户运营）, 5, 1, 运营, 运营, 掌上大学, 杭州, 本科, 15, 成长型, 移动互联网
用户运营专员, 7, 不限, , 市场策划, e租百应, 上海, 学历不限, 15, 初创型, 移动互联网
用户运营实习生, 3, 不, 运营, 运营, 假面科技, 上海, 大专, 15, 成长型, 移动互联网 · 社交网络
用户运营, 1, 不, 运营, 运营, 学姐帮, 成都, 本科, 15, 初创型, 移动互联网 · 社交网络
用户运营, 15, 3, 运营, 运营, 百姓网, 上海, 本科, 50, 成熟型, 移动互联网
资深用户运营（社区方向）, 15, 3, 运营, 运营, Keep, 北京, 本科, 50, 成长型, 社交网络 · 文化娱乐
用户运营, 2, 不, 运营, 运营, 滴滴专车事业部, 北京, 本科, 2000, 成熟型, 移动互联网
用户运营【IVBC北京】, 11, 1, 运营, 运营, TCL北研中心, 北京, 本科, 2000, 上市公, 电子商务
用户运营专员, 7, 1, 运营, 运营, 好屋中国, 上海, 大专, 2000, 成长型, 移动互联网  · O2O
用户运营专员, 4, 不, 运营, 运营, 君海游戏, 广州, 本科, 50, 成长型, 移动互联网
高级用户运营, 5, 1, 运营, 运营, 折800, 北京, 本科, 500, 成熟型, 电子商务 · O2O
金融用户运营, 11, 3, 运营, 运营, 买好车, 杭州, 本科, 150, 成长型, 移动互联网 · 电子商务
用户运营专员, 6, 不, 运营, 运营, 考米爱车, 北京, 学历不限, 50, 初创型, 移动互联网 · O2O
乐活｜用户运营, 4, 不, 运营, 运营, 乐活, 上海, 学历不限, 15, 初创型, 社交网络
用户运营岗, 22, 3, 运营, 运营, 国信泰九, 深圳, 本科, 500, 初创型, 金融
用户运营助理, 5, 不, 运营, 运营, Klook 客路旅行, 深圳, 本科, 15, 成长型, 移动互联网 · 旅游
用户运营专员, 4, 1, 运营, 运营, 快手看片, 上海, 大专, 50, 成长型, 移动互联网
用户运营专员（微社群方向）, 4, 1, 运营, 运营, 锐狮网络, 广州, 大专, 15, 初创型, 移动互联网
用户运营专员, 6, 1, 运营, 运营, 墨迹天气, 北京, 本科, 150, 成长型, 移动互联网 · 生活服务
用户运营专员, 6, 1, 运营, 运营, 绿茶网, 北京, 本科, 50, 成长型, 电子商务 · O2O
用户运营实习生（可转正）, 5, 1, 运营, 运营, 折800, 北京, 本科, 500, 成熟型, 电子商务 · O2O
用户运营专员, 8, 1, 运营, 运营, 华语时代, 北京, 大专, 15, 初创型, 社交网络 · 文化娱乐
资深用户运营, 11, 3, 运营, 运营, 粉粉日记, 上海, 本科, 15, 初创型, 移动互联网
高级用户运营, 22, 5, 运营, 运营, 英途财富, 北京, 大专, 2000, 成熟型, 移动互联网 · 金融
用户运营专员, 6, 1, 运营, 运营, 么么嗖, 深圳, 本科, 150, 成长型, 移动互联网 · 电子商务
用户运营实习生, 2, 不, 运营, 运营, 翻易通Flitto, 北京, 学历不限, 50, 成长型, 移动互联网 · 社交网络
用户运营实习生, 3, 不, 运营, 运营, 野兽科技, 北京, 本科, 15, 成长型, 移动互联网 · 硬件
用户运营实习, 3, 不, 运营, 运营, 网聚宝, 上海, 大专, 50, 成长型, 电子商务 · 数据服务
用户运营实习生（可转正）, 5, 1, 运营, 运营, 折800, 北京, 本科, 500, 成熟型, 电子商务 · O2O
用户运营专员实习生, 3, 不, 运营, 运营, 妙计旅行, 北京, 本科, 50, 成长型, 旅游
用户运营专员, 7, 应届毕业, 运营, 运营, 嗨学网, 北京, 本科, 150, 成长型, 移动互联网
用户运营专员, 10, 1, 运营, 运营, 拓实医疗, 北京, 本科, 50, 成长型, 电子商务 · 医疗健康
基础用户运营, 4, 不, 运营, 运营, in, 杭州, 大专, 50, 成长型, 电子商务 · 广告营销
用户运营专员（实习生、应届生）, 3, 应届毕业, 运营, 运营, 蓝鲸直播, 北京, 本科, 15, 成长型, 移动互联网 · 社交网络
用户运营专员, 6, 1, 运营, 运营, 折800, 北京, 本科, 500, 成熟型, 电子商务 · O2O
产品运营/用户运营, 12, 1, 运营, 运营, 钱升钱, 上海, 大专, 150, 成长型, 金融
用户运营专员, 6, 1, 运营, 运营, 一道走, 上海, 本科, 15, 初创型, 移动互联网 · 社交网络
案源用户运营, 4, 应届毕业, 运营, 运营, 中顾集团, 济南, 大专, 150, 上市公, 移动互联网 · 广告营销
用户运营专员, 6, 1, 运营, 运营, 首创置业-乐惠家社区O2O, 北京, 本科, 50, 成长型, 移动互联网 · O2O
律师用户运营, 4, 应届毕业, 运营, 运营, 中顾集团, 济南, 大专, 150, 上市公, 移动互联网 · 广告营销
运营经理—用户运营, 9, 1, 运营, 运营, 车印, 北京, 本科, 15, 初创型, 移动互联网 · O2O
用户运营实习生, 1, 不, 运营, 运营, 飞兽社区, 北京, 大专, 15, 初创型, 移动互联网 · 社交网络
用户运营专员, 8, 不, 运营, 运营, Putao, 上海, 学历不限, 150, 初创型, 游戏
用户运营负责人, 17, 5, 运营, 运营, 果敢时代, 北京, 大专, 50, 成长型, 移动互联网 · 电子商务
妈妈用户运营, 6, 不, 运营, 运营, 遥指科技, 杭州, 学历不限, 15, 成长型, 移动互联网 · 数据服务
达人用户运营, 7, 3, 运营, 运营, 洋葱淘, 北京, 本科, 15, 成长型, 移动互联网 · 电子商务
o2o用户运营, 9, 1, 运营, 运营, 近邻宝, 北京, 大专, 150, 成长型, 移动互联网 · 电子商务
用户运营专员, 7, 1, 运营, 运营, ETCP, 北京, 大专, 500, 成长型, 移动互联网
用户运营专员, 8, 不, 运营, 运营, Getfun, 北京, 学历不限, 50, 初创型, 移动互联网 · 社交网络
用户运营实习生, 2, 不, 运营, 运营, 秘密, 北京, 本科, 15, 初创型, 移动互联网 · 社交网络
运营经理（用户运营）, 11, 5, 运营, 运营, e袋洗, 北京, 本科, 500, 成长型, O2O
高级用户运营专员, 10, 1, 运营, 运营, 铁甲金服（北京）科技有限公司, 北京, 大专, 150, 成长型, 移动互联网 · 金融
用户运营专员, 20, 3, 运营, 高端运营职位, 51Talk无忧英语, 北京, 本科, 500, 成熟型, 移动互联网 · 教育
用户运营实习生, 3, 不, 运营, 运营, 水木云风, 北京, 学历不限, 15, 初创型, 移动互联网
用户运营专员（理财管理）, 5, 应届毕业, 运营, 运营, 玖富网, 北京, 大专, 500, 成熟型, 金融
用户运营专员, 5, 1, 运营, 运营, 开饭喇, 深圳, 大专, 150, 初创型, O2O
用户运营实习生, 3, 不, 运营, 运营, 享借, 北京, 本科, 15, 初创型, 移动互联网 · 社交网络
用户运营主管, 9, 1, 运营, 运营, 假面科技, 上海, 学历不限, 15, 成长型, 移动互联网 · 社交网络
资深用户运营, 25, 3, 运营, 运营, 百度, 北京, 学历不限, 2000, 上市公, 移动互联网 · 数据服务
用户运营主管, 12, 1, 运营, 运营, 妙计旅行, 北京, 本科, 50, 成长型, 旅游
用户运营，内容运营, 7, 1, 运营, 运营, 卓萌科技, 北京, 学历不限, 15, 初创型, 移动互联网
用户运营经理, 11, 1, 运营, 运营, 千里马招标网, 北京, 大专, 150, 成长型, 电子商务 · 企业服务
用户运营主管, 22, 3, 运营, 运营, 爱上租, 杭州, 大专, 500, 初创型, 移动互联网 · O2O
资深用户运营专员, 11, 3, 运营, 运营, 开三&middot;云匠网, 杭州, 本科, 50, 成长型, 移动互联网 · 电子商务
社群用户运营专员, 4, 不, 运营, 运营, vsea, 宁波, 大专, 150, 初创型, 电子商务
用户运营主管, 11, 3, 运营, 运营, 全城热炼, 北京, 大专, 50, 成长型, 移动互联网
核心用户运营, 7, 1, 市场与销售, 市场/营销, 美家客, 北京, 本科, 15, 初创型, 移动互联网 · 硬件
用户运营主管, 22, 3, 运营, 运营, 爱上租, 杭州, 本科, 500, 初创型, 移动互联网 · O2O
运营经理（用户运营方向）, 20, 3, 运营, 运营, 点我吧（点我达）, 杭州, 本科, 2000, 成熟型, 移动互联网 · 电子商务
海外用户运营专员（西安职位）, 4, 不, 运营, 运营, LEOMASTER, 深圳, 本科, 150, 成长型, 移动互联网
社区+用户运营专员, 6, 不, 运营, 运营, 博雅汇聚, 北京, 大专, 15, 初创型, 移动互联网 · 教育
用户运营主管, 20, 3, 运营, 运营, 爱上租, 杭州, 大专, 500, 初创型, 移动互联网 · O2O
用户运营 社区运营, 15, 3, 运营, 运营, 拓实医疗, 北京, 本科, 50, 成长型, 电子商务 · 医疗健康
QQ阅读-用户运营, 15, 3, 运营, 运营, 阅文集团, 北京, 本科, 500, 成熟型, 移动互联网
APP用户运营, 15, 3, 运营, 运营, 交通银行信用卡中心, 青岛, 本科, 2000, 上市公, 金融
用户运营实习生, 2, 不, 运营, 运营, 易露营, 杭州, 本科, 15, 成长型, 电子商务
APP用户运营, 10, 1, 运营, 运营, 美味不用等, 上海, 本科, 500, 成熟型, 移动互联网 · O2O
社区用户运营, 9, 不, 运营, 运营, 掌阅科技, 北京, 本科, 150, 初创型, 移动互联网
会员运营经理（用户运营）, 15, 3, 运营, 运营, 优分期, 北京, 本科, 500, 成长型, 电子商务 · 金融
用户运营主管, 15, 3, 运营, 运营, 东家, 杭州, 本科, 50, 成长型, 移动互联网
用户运营实习, 4, 不, 运营, 运营, 狗管家, 上海, 学历不限, 15, 初创型, 移动互联网 · 社交网络
用户运营经理, 20, 3, 运营, 运营, 生意专家, 上海, 本科, 15, 成长型, 移动互联网 · O2O
用户运营主管, 9, 1, 运营, 运营, 一起作业网, 北京, 本科, 150, 成熟型, 移动互联网 · 教育
用户运营实习生, 1, 不, 运营, 运营, 百姓网, 上海, 本科, 50, 成熟型, 移动互联网
班级用户运营师, 7, 不, 运营, 运营, 沪江, 上海, 学历不限, 500, 成熟型, 移动互联网 · 教育
用户运营主管/经理, 22, 3, 运营, 运营, 爱上租, 杭州, 大专, 500, 初创型, 移动互联网 · O2O
用户运营管理, 4, 不, 运营, 运营, 觅房客, 郑州, 大专, 15, 初创型, 社交网络 · 生活服务
用户运营实习生, 2, 不, 运营, 运营, 卡莱博尔, 成都, 本科, 50, 成熟型, 企业服务 · 数据服务
用户运营经理, 22, 3, 运营, 运营, 糗事百科, 深圳, 本科, 50, 成长型, 移动互联网
用户运营高级专员, 4, 1, 运营, 运营, 高分网, 广州, 大专, 50, 成长型, 教育
CRM用户运营, 7, 1, 运营, 运营, 么么嗖, 深圳, 本科, 150, 成长型, 移动互联网 · 电子商务
海外用户运营专员, 9, 1, 运营, 运营, LEOMASTER, 深圳, 本科, 150, 成长型, 移动互联网
用户运营实习生, 25, 不, 运营, 运营, 滴滴打车, 北京, 本科, 500, 成熟型, 移动互联网
APP用户运营, 8, 1, 运营, 运营, 贝嘟科技, 杭州, 大专, 50, 成长型, 电子商务
用户运营实习生, 1, 不, 运营, 运营, 心宠, 广州, 学历不限, 15, 初创型, 移动互联网 · 医疗健康
用户运营-实习生, 1, 应届毕业, 运营, 运营, Feekr旅行, 杭州, 学历不限, 15, 初创型, 移动互联网 · 旅游
用户运营实习生, 3, 应届毕业, 运营, 运营, 第九课堂, 深圳, 本科, 15, 初创型, 电子商务 · 教育
用户运营主管, 9, 1, 运营, 运营, 冬日中医, 厦门, 本科, 15, 成长型, 移动互联网
海外用户运营, 11, 1, 运营, 运营, 掌阅科技, 北京, 本科, 150, 初创型, 移动互联网
用户运营实习生, 1, 应届毕业, 运营, 运营, 知知, 上海, 本科, 15, 初创型, 移动互联网 · 教育
用户运营经理, 20, 3, 运营, 运营, 伙伴网, 北京, 大专, 50, 成长型, 企业服务
用户运营实习生, 2, 不, 运营, 运营, 滴滴打车, 北京, 本科, 500, 成熟型, 移动互联网
产品运营/用户运营/数据运营, 8, 1, 运营, 运营, 兼客, 福州, 本科, 15, 成长型, 移动互联网 · O2O
用户运营实习生, 4, 应届毕业, 运营, 运营, 品途网, 广州, 本科, 15, 成长型, O2O · 移动互联网
用户运营 CRM, 6, 不, 运营, 运营, 乐租科技, 杭州, 学历不限, 15, 初创型, 电子商务 · O2O
用户运营经理, 8, 1, 运营, 运营, 南京点尚, 南京, 本科, 150, 成长型, 移动互联网 · 电子商务
用户运营主管, 7, 3, 运营, 运营, 它它邦, 北京, 大专, 50, 成长型, 移动互联网
用户运营实习生【滴滴】, 2, 不, 运营, 运营, 滴滴打车, 北京, 本科, 500, 成熟型, 移动互联网
用户运营主管（会员/积分）, 13, 3, 运营, 运营, 千壹理财, 北京, 本科, 50, 初创型, 金融 · 移动互联网
产品运营/用户运营, 15, 3, 运营, 运营, 立方网, 深圳, 本科, 150, 成长型, 移动互联网 · 硬件
用户运营总监, 30, 1, 运营, 运营, 房多多, 上海, 本科, 2000, 成熟型, 移动互联网 · O2O
高级用户运营师, 11, 3, 运营, 运营, 中海物业, 深圳, 本科, 2000, 上市公, 其他
社群用户运营专员, 9, 不, 运营, 运营, 大华股份, 杭州, 本科, 2000, 上市公, 信息安全
用户运营实习生（杭州）, 2, 不, 运营, 运营, 网易游戏, 杭州, 本科, 2000, 上市公, 游戏
【滴滴出行】用户运营实习生, 2, 不, 运营, 运营, 滴滴打车, 北京, 本科, 500, 成熟型, 移动互联网
用户运营专员4-8K, 6, 1, 运营, 运营, 集时科技, 杭州, 本科, 15, 初创型, 移动互联网 · O2O
APP用户运营, 11, 1, 运营, 运营, 美味不用等, 上海, 大专, 500, 成熟型, 移动互联网 · O2O
用户运营经理, 15, 3, 运营, 运营, 神州佳教, 北京, 本科, 50, 成长型, 移动互联网 · 教育
用户运营主管/经理, 11, 3, 运营, 运营, 典典养车&amp;典典车险, 杭州, 学历不限, 150, 成熟型, 移动互联网 · O2O
用户运营主管, 9, 1, 运营, 运营, 乐居生活, 北京, 大专, 150, 成长型, O2O · 生活服务
用户运营经理, 9, 1, 运营, 运营, 易直供, 南京, 大专, 150, 成长型, 移动互联网 · 电子商务
用户运营经理, 9, 3, 运营, 运营, 易直供, 南京, 本科, 150, 成长型, 移动互联网 · 电子商务
用户运营总监, 20, 5, 运营, 运营, 全城热炼, 北京, 本科, 50, 成长型, 移动互联网
用户运营经理, 17, 1, 运营, 运营, 糖果金融, 北京, 大专, 150, 初创型, 金融
用户运营经理, 9, 3, 运营, 运营, 易直供, 南京, 大专, 150, 成长型, 移动互联网 · 电子商务
用户运营经理, 10, 3, 运营, 运营, 易直供, 南京, 大专, 150, 成长型, 移动互联网 · 电子商务
用户运营岗, 6, 1, 运营, 运营, 小花金服, 深圳, 大专, 50, 成长型, 移动互联网 · 金融
微信用户运营专员, 4, 不, 运营, 运营, 星外星, 广州, 大专, 150, 初创型, 移动互联网 · 文化娱乐
APP用户运营, 9, 3, 运营, 运营, 环球购物, 北京, 学历不限, 500, 成熟型, 电子商务 · 文化娱乐
用户运营主管, 9, 1, 运营, 运营, 智课网, 北京, 本科, 50, 成长型, 移动互联网 · 教育
学生端用户运营, 6, 不, 运营, 运营, 信通袋, 北京, 大专, 15, 成长型, 金融
实习生（用户运营）, 3, 不, 运营, 运营, 超级圆桌, 深圳, 学历不限, 15, 初创型, 移动互联网 · 金融
用户运营主管, 8, 1, 运营, 运营, 满易网络, 济南, 本科, 15, 初创型, 移动互联网
用户运营主管, 7, 1, 运营, 运营, 楼里, 北京, 本科, 15, 成长型, 移动互联网
用户运营--淘宝客方向, 5, 1, 运营, 运营, 熙浪信息, 杭州, 学历不限, 150, 上市公, 电子商务
社区用户运营主管, 15, 1, 运营, 运营, 爱上租, 杭州, 本科, 500, 初创型, 移动互联网 · O2O
用户运营实习生, 3, 不, 运营, 运营, 小米, 北京, 本科, 2000, 成熟型, 移动互联网
用户运营经理, 12, 3, 运营, 运营, 车蚂蚁, 杭州, 本科, 150, 成长型, 移动互联网 · O2O
用户运营总监, 8, 3, 运营, 运营, 引导美, 深圳, 大专, 150, 初创型, 移动互联网 · 电子商务
游戏用户运营/游戏活动策划, 7, 1, 运营, 运营, 大头文化, 深圳, 本科, 50, 成长型, 移动互联网 · 游戏
用户运营经理, 15, 5, 运营, 运营, 乐宠, 北京, 大专, 50, 成熟型, 电子商务
用户运营主管/客服主管, 6, 1年以, 运营, 运营, 联合金融, 北京, 大专, 15, 初创型, 金融 · 数据服务
用户运营经理, 25, 3, 运营, 运营, 滴滴打车, 北京, 本科, 500, 成熟型, 移动互联网
用户运营主管, 9, 1, 运营, 运营, 什么值得买, 北京, 学历不限, 150, 成长型, 电子商务 · 文化娱乐
APP用户运营专员, 5, 不, 运营, 运营, 南京好动信息科技有限公司, 南京, 学历不限, 15, 初创型, 移动互联网 · O2O
用户运营高级经理, 20, 3, 运营, 运营, 健视网络, 北京, 学历不限, 15, 初创型, 移动互联网 · 社交网络
微信用户运营专员, 4, 不, 运营, 运营, YYQ-音乐圈, 广州, 大专, 150, 初创型, 文化娱乐
用户运营经理, 20, 3, 运营, 运营, 普惠金融, 北京, 本科, 2000, 成长型, 金融
APP用户运营, 22, 3, 运营, 运营, 北京乐宠科技有限公司, 北京, 大专, 150, 成熟型, 电子商务
用户运营-互联网金融, 9, 1, 运营, 运营, 趣分期, 北京, 本科, 2000, 成熟型, 金融
用户运营实习生, 3, 应届毕业, 运营, 运营, 财致道，财务的“知道社区”, 杭州, 本科, 15, 初创型, 移动互联网 · 企业服务
原创用户运营主管, 10, 不, 运营, 运营, 什么值得买, 北京, 学历不限, 150, 成长型, 电子商务 · 文化娱乐
App用户运营, 12, 1, 运营, 运营, 从来网络, 杭州, 学历不限, 15, 初创型, 移动互联网
用户运营经理, 14, 5, 运营, 运营, 慕课网, 北京, 本科, 50, 成长型, 移动互联网 · 教育
用户运营经理, 15, 3, 运营, 运营, 悦享趋势, 北京, 本科, 15, 初创型, 医疗健康 · 硬件
用户运营经理, 18, 3, 运营, 运营, 代来代去, 深圳, 本科, 15, 初创型, 移动互联网 · 电子商务
数据分析/用户运营, 11, 1, 运营, 运营, 北京搜房科技发展有限公司, 北京, 本科, 2000, 上市公, 移动互联网 · 金融
金融产品用户运营, 11, 3, 运营, 运营, 融360, 北京, 本科, 500, 成熟型, 移动互联网 · 金融
社群用户运营总监, 21, 5, 运营, 高端运营职位, 牛社【蓝色光标】, 北京, 本科, 15, 上市公, 移动互联网 · 电子商务
用户运营经理, 20, 3, 运营, 运营, 绿茶网, 北京, 本科, 50, 成长型, 电子商务 · O2O
用户运营/反馈实习生, 3, 不, 运营, 运营, 今日头条, 北京, 本科, 500, 成熟型, 移动互联网 · 数据服务
用户运营经理, 18, 3, 运营, 运营, 健悦坊, 深圳, 大专, 50, 成熟型, 移动互联网 · 社交网络
用户运营主管, 7, 1, 技术, 运维, 我爱买房网, 上海, 本科, 150, 初创型, O2O · 其他
用户运营经理, 15, 1, 运营, 运营, 怡美假日, 北京, 本科, 150, 成长型, 移动互联网 · 电子商务
用户运营经理, 12, 3, 运营, 运营, 水木云风, 北京, 本科, 15, 初创型, 移动互联网
用户运营经理, 10, 不, 运营, 运营, 独立新媒, 北京, 本科, 15, 初创型, 移动互联网 · 文化娱乐
用户运营主管, 12, 3, 运营, 运营, 新华保险, 北京, 本科, 50, 成长型, 金融
用户运营总监, 34, 5, 运营, 运营, 上海眯客, 上海, 本科, 150, 成长型, 移动互联网 · O2O
用户运营经理, 20, 3, 运营, 运营, 鹏金所, 深圳, 本科, 50, 成长型, 金融
用户运营总监, 27, 1, 运营, 运营, 露懿丝, 上海, 本科, 50, 初创型, 移动互联网 · 教育
用户运营(可实习）, 5, 不, 运营, 运营, 家长帮, 北京, 本科, 150, 上市公, 移动互联网 · 电子商务
用户运营主管（偏注册）, 11, 3, 运营, 运营, MDC, 北京, 大专, 150, 成长型, 移动互联网
用户运营经理, 7, 1, 运营, 运营, 投之家, 深圳, 本科, 50, 成长型, 金融
用户运营总监, 27, 5, 运营, 运营, 露懿丝, 上海, 本科, 50, 初创型, 移动互联网 · 教育
SNS产品用户运营, 15, 3, 运营, 运营, 爱奇艺, 北京, 本科, 2000, 成熟型, 广告营销 · 文化娱乐
APP运营经理/社区产品运营/用户运营, 17, 3, 运营, 运营, 有宠科技, 广州, 本科, 500, 成熟型, 移动互联网 · 社交网络
手游平台高级用户运营, 10, 1, 运营, 运营, 网易, 杭州, 本科, 2000, 上市公, 移动互联网 · 游戏
用户运营经理, 11, 1, 运营, 运营, 酬信, 北京, 本科, 150, 成长型, 金融
用户运营-商户端（保姆）, 11, 1, 运营, 运营, 天津五八到家生活服务有限公司, 北京, 本科, 150, 成长型, 移动互联网 · O2O
用户运营主管, 13, 1, 运营, 运营, 热钱网, 北京, 大专, 15, 初创型, 移动互联网 · 金融
用户运营总监, 22, 1, 运营, 运营, 味库, 北京, 本科, 50, 成长型, 生活服务
用户运营经理, 12, 3, 运营, 运营, 交通银行信用卡中心, 青岛, 本科, 2000, 上市公, 金融
高级运营经理（积分商城/用户运营）, 11, 1, 运营, 运营, 要出发, 广州, 本科, 500, 成熟型, 电子商务 · 生活服务
用户运营经理, 22, 3, 运营, 运营, 美团网, 北京, 本科, 2000, 成熟型, 移动互联网 · O2O
运营经理（贵金属交易平台、用户运营）, 8, 3, 运营, 运营, 天涯社区, 深圳, 本科, 500, 上市公, 移动互联网 · 社交网络
用户运营 内容运营 社区运营, 7, 1, 运营, 运营, 爱福窝, 上海, 大专, 50, 成长型, 电子商务
课程用户运营主管, 9, 1, 运营, 运营, 智课网, 北京, 本科, 50, 成长型, 移动互联网 · 教育
用户运营经理, 22, 5, 运营, 运营, 以岭药业, 北京, 本科, 2000, 上市公, 电子商务 · 医疗健康
用户运营主管, 11, 1, 运营, 运营, 一道走, 上海, 大专, 15, 初创型, 移动互联网 · 社交网络
国内用户运营主管, 8, 3, 运营, 运营, 琅琅, 广州, 本科, 15, 成长型, 移动互联网 · 教育
用户运营经理, 22, 3, 运营, 运营, 送姜科技, 北京, 本科, 50, 成长型, 移动互联网
产品运营（偏用户运营）, 11, 3, 运营, 运营, 宜信公司, 北京, 本科, 2000, 成熟型, 移动互联网 · 金融
众测用户运营, 5, 1, 技术, 测试, 联想利泰, 北京, 学历不限, 500, 初创型, 移动互联网 · 招聘
用户运营总监, 37, 5, 运营, 运营, 怡美假日, 北京, 本科, 150, 成长型, 移动互联网 · 电子商务
竞彩用户运营, 2, 不, 运营, 运营, 爱竞彩, 广州, 学历不限, 15, 初创型, 移动互联网 · 文化娱乐
用户运营经理, 15, 3, 运营, 运营, Have, 上海, 本科, 15, 初创型, 移动互联网 · 社交网络
用户运营经理, 9, 不, 运营, 运营, 上海法率, 上海, 学历不限, 15, 初创型, 移动互联网
用户运营经理, 15, 3, 运营, 运营, 58到家, 北京, 本科, 500, 成长型, 移动互联网 · O2O
用户运营经理, 11, 3, 运营, 运营, 送姜科技, 北京, 本科, 50, 成长型, 移动互联网
用户运营经理, 22, 3, 运营, 运营, 芝麻到家, 北京, 本科, 150, 成长型, 移动互联网 · O2O
粉丝运营/用户运营, 9, 1, 运营, 运营, 偶像计划, 上海, 学历不限, 50, 成长型, 移动互联网 · 文化娱乐
产品用户运营主管, 11, 1, 运营, 运营, 易快报, 北京, 本科, 15, 成长型, 移动互联网 · 企业服务
用户运营经理, 7, 1, 运营, 运营, 动吧体育, 北京, 本科, 15, 成长型, 移动互联网 · 文化娱乐
高级运营专员（用户运营方向）, 9, 1, 运营, 运营, 极装科技, 上海, 大专, 50, 初创型, 电子商务
用户运营经理, 25, 3, 运营, 运营, 美团网, 北京, 本科, 2000, 成熟型, 移动互联网 · O2O
产品用户运营主管/专员, 10, 1, 运营, 运营, 音卓钢琴, 杭州, 大专, 150, 初创型, 教育
用户运营主管/经理, 12, 1, 运营, 运营, 精真估, 北京, 本科, 150, 成长型, 移动互联网 · 广告营销
用户运营经理, 25, 1, 运营, 运营, 美团网, 北京, 本科, 2000, 成熟型, 移动互联网 · O2O
用户运营经理, 22, 5, 运营, 运营, 北京乐宠科技有限公司, 北京, 本科, 150, 成熟型, 电子商务
用户运营经理, 11, 3, 运营, 运营, Klook 客路旅行, 深圳, 本科, 15, 成长型, 移动互联网 · 旅游
用户运营经理, 14, 3, 运营, 运营, 小美到家, 北京, 本科, 50, 成长型, 移动互联网 · O2O
用户运营总监, 25, 5, 运营, 运营, 果敢时代, 北京, 本科, 50, 成长型, 移动互联网 · 电子商务
用户运营高级经理, 15, 3, 运营, 运营, 久诺金融, 北京, 大专, 50, 成长型, 广告营销
用户运营总监, 19, 3, 运营, 运营, 发镖网, 北京, 大专, 150, 成熟型, 移动互联网 · O2O
锁定网用户运营专员, 6, 1, 运营, 运营, 锁定网, 深圳, 大专, 50, 成长型, 移动互联网 · 社交网络
用户运营 用户执行专员, 12, 1, 运营, 运营, 北京时时贷网络, 北京, 大专, 50, 成长型, 金融 · 移动互联网
内容与用户运营, 5, 1, 运营, 运营, 花熊, 杭州, 学历不限, 15, 初创型, 移动互联网
用户运营经理, 12, 3, 运营, 运营, 点滴身边, 北京, 本科, 150, 初创型, 金融
用户运营/游戏公会专员, 2, 不, 运营, 运营, 游戏坛子, 上海, 学历不限, 15, 初创型, 移动互联网 · 游戏
头条号用户运营专员, 10, 1, 运营, 客服, 今日头条, 北京, 本科, 500, 成熟型, 移动互联网 · 数据服务
用户运营经理, 12, 1, 市场与销售, 市场/营销, 香送, 北京, 大专, 50, 初创型, 电子商务 · O2O
用户运营总监, 20, 3, 运营, 运营, 梦想旅行, 北京, 学历不限, 15, 成长型, 移动互联网
用户运营经理, 8, 1, 运营, 运营, 学科网, 北京, 大专, 500, 成长型, 移动互联网
用户运营经理, 12, 3, 运营, 运营, 蘑菇租房, 上海, 本科, 150, 成长型, 移动互联网 · 电子商务
用户运营经理, 12, 不, 运营, 运营, 人人贷, 北京, 本科, 150, 成长型, 金融
用户运营经理, 20, 3, 运营, 运营, 绿茶网, 北京, 本科, 50, 成长型, 电子商务 · O2O
用户运营高级经理（偏数据方向）, 11, 不, 运营, 运营, 乐视, 北京, 本科, 2000, 上市公, 移动互联网 · 文化娱乐
用户运营总监, 15, 1, 运营, 运营, 欢否, 北京, 学历不限, 15, 成长型, 社交网络 · O2O
用户运营总监, 8, 1, 运营, 运营, 微在 Wezeit.com, 北京, 本科, 50, 成长型, 移动互联网 · 文化娱乐
数据运营（投资人用户运营、订单交易转化）, 22, 3, 运营, 运营, 以太资本, 北京, 本科, 150, 成长型, 金融
用户运营经理, 10, 不, 运营, 运营, 怪杰, 北京, 本科, 15, 成长型, 文化娱乐
互联网/电子商务--用户运营（储备管理）, 11, 3, 运营, 运营, 上海朴莲网络科技有限公司, 上海, 本科, 150, 成长型, 电子商务
用户运营经理, 20, 1, 运营, 运营, 爱奇艺, 北京, 本科, 2000, 成熟型, 广告营销 · 文化娱乐
【创新工场】好车驾到-用户运营, 20, 3, 运营, 运营, 创新工场, 北京, 本科, 500, 成熟型, 移动互联网
互联网活动/内容/用户运营, 6, 不, 运营, 运营, 樱桃优品, 深圳, 本科, 50, 初创型, 电子商务
用户运营/游戏运营/社区运营, 7, 不, 运营, 运营, 掌梦网络, 上海, 大专, 15, 成长型, 游戏 · 招聘
用户运营经理, 12, 3, 运营, 运营, 蘑菇租房, 上海, 本科, 150, 成长型, 移动互联网 · 电子商务
用户运营经理, 15, 5, 运营, 运营, 唯品会, 上海, 本科, 2000, 上市公, 电子商务
高级用户运营经理, 13, 3, 运营, 运营, 爱拍原创, 广州, 本科, 150, 成熟型, 文化娱乐
产品经理（偏用户运营）, 15, 3, 产品, 产品经理, 草根投资, 杭州, 大专, 150, 成长型, 金融
用户运营经理, 15, 3, 运营, 运营, ETCP, 北京, 大专, 500, 成长型, 移动互联网
高级用户运营经理, 22, 3, 运营, 运营, 减约, 北京, 本科, 15, 成长型, 移动互联网 · 医疗健康
用户运营经理, 12, 3, 运营, 运营, 瑞卡连锁租车集团, 广州, 大专, 500, 成长型, 生活服务
用户运营经理, 20, 3, 运营, 运营, 搜狐媒体, 北京, 本科, 2000, 上市公, 移动互联网 · 广告营销
用户运营经理, 9, 3, 运营, 运营, 大拇哥财富, 北京, 本科, 15, 初创型, 金融
用户运营经理, 6, 不, 运营, 运营, 考米爱车, 北京, 学历不限, 50, 初创型, 移动互联网 · O2O
APP运营经理/社区产品运营/用户运营, 17, 3, 运营, 运营, 凡跃集团, 广州, 本科, 500, 成熟型, 移动互联网 · 游戏
用户运营总监, 40, 5, 运营, 高端运营职位, 风奇科技, 北京, 本科, 15, 初创型, 移动互联网
魔力盒app用户运营, 12, 1, 运营, 运营, V电影, 北京, 本科, 50, 成长型, 移动互联网 · 文化娱乐
用户运营经理, 9, 1, 运营, 运营, 得体科技, 杭州, 大专, 50, 成长型, 移动互联网 · 电子商务
用户运营经理, 10, 1, 运营, 运营, 翻易通Flitto, 北京, 本科, 50, 成长型, 移动互联网 · 社交网络
用户运营产品经理, 20, 1, 产品, 产品经理, 一点资讯, 北京, 本科, 150, 成熟型, 移动互联网
用户运营经理, 15, 5, 运营, 运营, 收货宝, 北京, 本科, 150, 成长型, O2O
用户运营经理, 17, 3, 运营, 运营, 果敢时代, 北京, 大专, 50, 成长型, 移动互联网 · 电子商务
用户运营经理/主管, 20, 不, 运营, 运营, 银客网, 北京, 学历不限, 150, 成长型, 移动互联网 · 金融
（急招）用户运营经理/专员, 12, 不, 运营, 运营, 雪瓣, 杭州, 学历不限, 15, 成长型, O2O · 生活服务
高级用户运营经理, 22, 1, 运营, 运营, 云莱坞, 北京, 本科, 15, 成长型, O2O · 文化娱乐
资深用户运营经理, 12, 3, 运营, 运营, 挖财, 上海, 本科, 500, 成长型, 移动互联网 · 金融
渠道用户运营高级经理, 30, 3, 运营, 运营, 凤凰金融, 北京, 本科, 150, 成长型, 金融
高级游戏用户运营, 11, 1, 运营, 运营, 网易, 杭州, 本科, 2000, 上市公, 移动互联网 · 游戏
新媒体内容及平台用户运营, 6, 1, 运营, 运营, oudalady, 广州, 本科, 15, 初创型, 移动互联网 · 电子商务
APP用户运营经理, 12, 5, 运营, 运营, 中联合力, 青岛, 大专, 50, 初创型, 移动互联网 · 企业服务
用户运营经理, 20, 1, 运营, 运营, 爱奇艺, 北京, 本科, 2000, 成熟型, 广告营销 · 文化娱乐
高级用户运营经理, 11, 3, 运营, 运营, 乐居生活, 北京, 学历不限, 150, 成长型, O2O · 生活服务
新媒体内容及平台用户运营, 6, 1, 运营, 运营, 偶搭, 广州, 本科, 15, 初创型, 移动互联网 · 电子商务
内容运营 用户运营 活动运营, 9, 1, 运营, 运营, 大白洗衣, 上海, 学历不限, 15, 初创型, 移动互联网 · O2O
用户运营总监, 45, 5, 运营, 运营, CF, 上海, 本科, 150, 成长型, 移动互联网 · 招聘
用户运营经理, 22, 3, 运营, 运营, 黄金钱包, 北京, 本科, 50, 成长型, 移动互联网 · 电子商务
用户运营专员/全职医学实习生, 3, 不, 运营, 运营, 营小养科技, 北京, 本科, 15, 初创型, 移动互联网 · 医疗健康
用户运营经理, 21, 3, 运营, 运营, 360, 北京, 本科, 2000, 上市公, 移动互联网 · 游戏
内容与用户运营, 12, 1, 运营, 运营, 今日发现移动互联网, 北京, 本科, 50, 成长型, 移动互联网 · 电子商务
用户运营经理, 7, 1, 运营, 运营, 车经纪, 深圳, 本科, 15, 成长型, 移动互联网 · O2O
运营实习生（用户运营）, 2, 不, 运营, 运营, 厅客, 北京, 本科, 15, 成长型, 移动互联网 · O2O
腾讯文学-产品经理(用户运营方向), 15, 1, 产品, 产品经理, 阅文集团, 上海, 本科, 500, 成熟型, 移动互联网
用户运营总监, 27, 5, 运营, 运营, 窝窝商城（中国）有限公司, 北京, 大专, 2000, 上市公, 电子商务
用户运营经理/主管, 11, 3, 运营, 运营, 么么嗖, 深圳, 本科, 150, 成长型, 移动互联网 · 电子商务
高级用户运营经理, 12, 1, 运营, 运营, 靠谱投, 北京, 本科, 15, 初创型, 移动互联网 · 金融
运营经理-公会和用户运营方向, 13, 不, 运营, 运营, YY Inc, 广州, 本科, 2000, 上市公, 移动互联网
百度外卖资深用户运营, 22, 3, 运营, 运营, 百度外卖, 北京, 本科, 500, 成熟型, 移动互联网 · O2O
用户运营经理, 9, 1, 运营, 运营, 迅雷看看, 北京, 本科, 150, 成熟型, 移动互联网 · 文化娱乐
用户运营经理/主管, 14, 3, 运营, 运营, 轻松家电, 深圳, 大专, 500, 成长型, O2O
用户运营经理, 12, 3, 运营, 运营, 携程, 上海, 本科, 2000, 上市公, 移动互联网 · 旅游
活动运营，类目运营，用户运营，运营数据分析师, 6, 1, 运营, 运营, 集商网络科技, 杭州, 本科, 150, 成长型, 移动互联网 · 电子商务
高级用户运营经理, 30, 1, 运营, 运营, 有贝, 杭州, 学历不限, 15, 初创型, 移动互联网 · 金融
社区用户运营——发行运营中心, 8, 1, 运营, 运营, Tap4Fun, 成都, 本科, 150, 初创型, 移动互联网 · 游戏
产品运营经理-用户运营管理, 22, 1, 产品, 产品经理, 长江证券股份有限公司, 武汉, 本科, 2000, 成熟型, 其他
用户运营经理, 22, 3, 运营, 运营, 滴滴打车, 北京, 本科, 500, 成熟型, 移动互联网
北京蓝标-平台用户运营-北京, 11, 不, 运营, 运营, 蓝色光标传播集团, 北京, 学历不限, 2000, 上市公, 移动互联网 · 数据服务
app推广/社区等用户运营, 9, 1, 运营, 运营, 软若, 北京, 学历不限, 15, 初创型, 移动互联网
运营主管（新媒体+用户运营方向）, 7, 1, 运营, 运营, 苏打科技, 北京, 学历不限, 15, 成长型, 移动互联网 · O2O
用户运营经理, 17, 3, 运营, 高端运营职位, 优酷土豆, 北京, 学历不限, 2000, 上市公, 数据服务 · 文化娱乐
UGC用户运营经理, 15, 3, 运营, 运营, 阿里巴巴, 北京, 本科, 2000, 上市公, 移动互联网
用户运营经理（急聘）, 17, 3, 产品, 产品经理, 腾讯, 深圳, 本科, 2000, 上市公, 移动互联网  · 游戏
锁定网用户运营主管, 6, 3, 运营, 运营, 锁定网, 深圳, 大专, 50, 成长型, 移动互联网 · 社交网络
编辑运营-实习生-用户运营, 1, 不, 运营, 运营, 去哪儿网, 北京, 学历不限, 2000, 上市公, 移动互联网
活动与用户运营经理, 12, 3, 运营, 运营, 国医精诚, 北京, 本科, 15, 初创型, 移动互联网 · 数据服务
线上用户运营经理, 15, 3, 运营, 运营, 刷脸, 北京, 本科, 15, 初创型, 移动互联网 · 金融
用户运营经理/总监, 15, 3, 运营, 运营, 我有饭, 北京, 本科, 15, 成长型, 移动互联网 · O2O
用户运营/用户维护/用户运维, 4, 不, 运营, 运营, 小鲜粮 （宠物鲜粮）, 广州, 本科, 15, 初创型, 移动互联网 · O2O
海外运营经理（用户运营方向）, 12, 1, 运营, 运营, 火烈鸟网络, 广州, 本科, 150, 初创型, 移动互联网 · 游戏
用户运营经理（急聘）, 17, 3, 运营, 运营, 腾讯, 深圳, 本科, 2000, 上市公, 移动互联网  · 游戏
酒店业务用户运营师, 22, 1, 运营, 运营, 百度, 北京, 本科, 2000, 上市公, 移动互联网 · 数据服务
资深营销&amp;用户运营专员, 10, 3, 运营, 运营, 大众点评网, 上海, 大专, 2000, 成熟型, 电子商务 · O2O
APP用户运营经理, 11, 3, 运营, 运营, 奢集, 北京, 本科, 50, 成长型, 电子商务
用户运营总监/经理, 22, 5, 运营, 运营, 浙江悠无限网络科技有限公司, 杭州, 本科, 150, 成长型, 移动互联网 · O2O
用户运营高级经理-C端, 22, 3, 运营, 运营, 美团网, 北京, 本科, 2000, 成熟型, 移动互联网 · O2O
O2O行业h用户运营经理, 20, 5, 运营, 运营, 收货宝, 北京, 大专, 150, 成长型, O2O
市场经理助理/BD助理/用户运营, 3, 应届毕业, 市场与销售, 市场/营销, 美团网, 北京, 学历不限, 2000, 成熟型, 移动互联网 · O2O
用户运营经理/社会化媒体运营/用户运营/产品运营, 11, 3, 运营, 运营, 敲敲科技, 北京, 大专, 15, 成长型, 移动互联网 · 社交网络
高级用户运营经理, 15, 1, 运营, 运营, 时光机 | XMOMENTS, 北京, 本科, 15, 成长型, 移动互联网
用户运营经理（急聘）, 17, 3, 运营, 运营, 腾讯, 深圳, 本科, 2000, 上市公, 移动互联网  · 游戏
模拟器运营—活动和用户运营, 8, 1, 运营, 运营, 360, 北京, 本科, 2000, 上市公, 移动互联网 · 游戏
用户运营经理（粉丝）, 30, 3, 运营, 运营, 阿里巴巴-天天动听, 上海, 学历不限, 2000, 上市公, 移动互联网
用户运营经理 运营总监, 9, 1, 运营, 运营, 拓实医疗, 北京, 本科, 50, 成长型, 电子商务 · 医疗健康
新媒体运营专员\用户运营专员, 7, 1, 运营, 运营, 新东方教育科技集团, 北京, 本科, 2000, 上市公, 移动互联网  · 文化娱乐
智能产品用户运营经理（急聘）, 17, 3, 运营, 运营, 腾讯, 深圳, 本科, 2000, 上市公, 移动互联网  · 游戏
用户运营经理（用户互动方向）, 12, 1, 市场与销售, 市场/营销, 美丫妈妈, 北京, 本科, 50, 初创型, O2O
用户运营经理（移动社交网络）, 15, 3, 运营, 运营, 朋友印象, 上海, 学历不限, 15, 初创型, 移动互联网 · 社交网络
运营总监-偏市场营销、用户运营方向, 30, 3, 市场与销售, 市场/营销, 宜信公司, 北京, 本科, 2000, 成熟型, 移动互联网 · 金融
新开发的懒人购物软件，诚招用户运营经理, 6, 1, 运营, 运营, 深圳市一咖科技有限公司, 深圳, 本科, 15, 初创型, 社交网络 · O2O
运营策划经理（玖富钱包-偏用户运营）, 20, 5, 运营, 运营, 玖富网, 北京, 大专, 500, 成熟型, 金融
用户运营经理（酒店旅游）, 21, 3, 运营, 运营, 大众点评网, 上海, 本科, 2000, 成熟型, 电子商务 · O2O
